Bitcoin,"$10,488.06"
Ethereum,$339.47
Tether,$1.00
XRP,$0.232811
Bitcoin Cash,$215.18
Polkadot,$4.08
Binance Coin,$23.74
Crypto.com Coin,$0.152033
Litecoin,$44.85
Chainlink,$8.16
Bitcoin SV,$153.31
Cardano,$0.081056
USD Coin,$1.00
EOS,$2.57
TRON,$0.025222
Monero,$91.00
Tezos,$2.04
Neo,$21.08
Stellar,$0.071349
UNUS SED LEO,$1.24
NEM,$0.107608
Huobi Token,$4.60
Dai,$1.01
Cosmos,$4.18
Wrapped Bitcoin,"$10,500.16"
VeChain,$0.012133
yearn.finance,"$24,640.97"
IOTA,$0.247049
Dash,$67.75
Aave,$0.485516
Ethereum Classic,$4.96
UMA,$10.14
Zcash,$53.09
TrueUSD,$1.00
THETA,$0.576070
Maker,$450.83
Uniswap,$4.52
Ontology,$0.627469
OMG Network,$3.09
Binance USD,$1.00
Synthetix Network Token,$4.12
DigiByte,$0.028430
OKB,$6.16
Compound,$140.57
HedgeTrade,$1.07
FTX Token,$3.58
Basic Attention Token,$0.227445
Dogecoin,$0.002615
Celo,$2.56
Algorand,$0.298301
BitTorrent,$0.000300
Kusama,$34.75
0x,$0.370416
Energy Web Token,$8.88
Loopring,$0.230874
Waves,$2.41
Paxos Standard,$1.00
Hyperion,$0.597203
ICON,$0.406017
Qtum,$2.32
NXM,$38.98
Celsius,$0.781235
Kyber Network,$0.915899
ABBC Coin,$0.286497
Hedera Hashgraph,$0.030898
Ren,$0.189520
SushiSwap,$1.32
Lisk,$1.23
ZB Token,$0.332638
Augur,$13.84
HUSD,$1.00
Zilliqa,$0.013973
Decred,$11.62
Bitcoin Gold,$7.74
Ocean Protocol,$0.366982
Enjin Coin,$0.157130
Band Protocol,$6.02
Revain,$0.010547
DFI.Money,"$3,057.40"
Terra,$0.303103
Siacoin,$0.002596
Elrond,$8.42
DxChain Token,$0.002226
Solana,$2.93
Reserve Rights,$0.011969
Decentraland,$0.074618
Orchid,$0.289382
CyberVein,$0.100004
Aragon,$3.17
Blockstack,$0.167971
Avalanche,$4.23
Ampleforth,$0.710317
Arweave,$3.08
Quant,$8.65
Balancer,$14.49
Bitcoin Diamond,$0.536191
Nano,$0.733031
Ravencoin,$0.013840
Nervos Network,$0.004636
Bytom,$0.069266
Numeraire,$30.36
The Midas Touch Gold,$0.017677
Serum,$1.83
Flexacoin,$0.008002
Golem,$0.089184
Swipe,$1.20
Fantom,$0.041009
IOST,$0.005661
JUST,$0.036827
KuCoin Shares,$1.03
Holo,$0.000488
MonaCoin,$1.23
Divi,$0.041558
Status,$0.022519
Helium,$1.76
iExec RLC,$0.919541
Matic Network,$0.019241
BitShares,$0.024323
Kava.io,$2.08
Nexo,$0.122367
Komodo,$0.565275
MCO,$4.24
Verge,$0.004043
Storj,$0.327077
Steem,$0.160941
xDai,$22.32
Curve DAO Token,$1.04
TomoChain,$0.817353
PAX Gold,"$1,896.93"
THORChain,$0.362738
Ultra,$0.151727
OriginTrail,$0.175390
Utrust,$0.125432
RSK Infrastructure Framework,$0.086207
HyperCash,$1.24
WAX,$0.041376
Horizen,$5.54
Velas,$0.039098
Ardor,$0.055398
Bancor,$0.779655
SwissBorg,$0.074014
Chiliz,$0.010776
aelf,$0.095378
Hive,$0.159228
Electroneum,$0.004799
Handshake ,$0.154025
MXC,$0.018328
Gnosis,$42.50
WaykiChain,$0.246412
Energi,$1.41
GateToken,$0.538479
Zcoin,$4.02
SingularityNET,$0.052181
Unibright,$0.301272
Fetch.ai,$0.053556
TrustSwap,$0.595516
v.systems,$0.019381
Stratis,$0.402658
MaidSafeCoin,$0.088199
Insolar,$0.391368
Aurora,$0.005975
Kleros,$0.071376
IoTeX,$0.007916
Aion,$0.081574
Melon,$29.88
Aeternity,$0.115860
IRISnet,$0.044271
STASIS EURO,$1.15
Ark,$0.291729
ShareToken,$0.025300
Uquid Coin,$3.64
Enigma,$0.455771
Power Ledger,$0.082199
Theta Fuel,$0.008939
SOLVE,$0.100564
DAD,$0.250524
Harmony,$0.005327
Pundi X,$0.000141
Elastos,$1.85
Super Zero Protocol,$0.107715
Wanchain,$0.249146
GXChain,$0.474031
Orbs,$0.014514
Ankr,$0.005169
SUN,$17.38
Tellor,$19.47
Syscoin,$0.048260
bZx Protocol,$0.203582
Origin Protocol,$0.218211
Switcheo,$0.034051
Haven Protocol,$2.05
Digitex Futures,$0.030648
Xensor,$0.005998
Thunder Token,$0.004689
Loki,$0.545641
Wirex Token,$0.009702
Travala.com,$0.619669
BHEX Token,$0.132997
Waltonchain,$0.377872
Hxro,$0.168919
Advanced Internet Blocks,$0.045276
HEX,$0.003438
INO COIN,$2.39
Zelwin,$7.12
Counos X,$20.42
Insight Chain,$0.979743
Creditcoin,$0.588723
BitcoinPoS,$75.04
TNC Coin,$0.098810
Homeros,$0.709272
MINDOL,$1.12
ThoreCoin,"$2,041.92"
Largo Coin,$10.17
Sologenic,$0.855872
STPAY,$35.86
botXcoin,$0.083947
BeautyPayCoin,$?
Cryptonex,$1.59
Counos Coin,$5.92
Centrality,$0.070944
Darma Cash,$0.391903
Idea Chain Coin,$1.84
Beldex,$0.082499
DeFiChain,$0.240849
Baer Chain,$0.426002
Bitball Treasure,$167.26
Livepeer,$3.32
Attila,$0.151221
Qcash,$0.147459
Mixin,$132.18
TerraKRW,$0.000855
IZE,$0.016355
WhiteCoin,$0.251993
NewYork Exchange,$8.84
Tap,$0.051031
XinFin Network,$0.005054
Poseidon Network,$0.028579
NEST Protocol,$0.035893
Metaverse Dualchain Network Architecture,$0.003291
Huobi BTC,"$10,565.35"
8X8 PROTOCOL,$0.169396
Vitae,$2.62
1irstcoin,$1.34
AXEL,$0.184413
S4FE,$0.051136
Joule,$0.042183
Tratin,$0.000407
VestChain,$0.004929
NerveNetwork,$0.169027
MimbleWimbleCoin,$3.68
Darwinia Network,$0.060234
Bankera,$0.001364
Breezecoin,$0.347969
Bitbook Gambling,$0.095546
Meme,$878.33
BTU Protocol,$0.359410
Neutrino USD,$0.989771
FABRK,$0.006441
Ultiledger,$0.015584
IDEX,$0.056358
UNI COIN,$0.498549
Kcash,$0.065943
KardiaChain,$0.016654
Nectar,$0.185506
CONUN,$0.010192
USDK,$1.00
XeniosCoin,$0.372276
BitMax Token,$0.042282
Bonorum,$47.09
ThoreNext,$0.007953
Metacoin,$0.099946
ExtStock Token,$0.035586
The Sandbox,$0.045187
DeviantCoin,$0.761011
TROY,$0.002920
PlayFuel,$0.051918
PLATINCOIN,$2.56
Streamr,$0.036585
Huobi Pool Token,$0.004890
WINk,$0.000080
PRIZM,$0.011238
Voyager Token,$0.109613
Bytecoin,$0.000132
Redd,$0.000854
Chimpion,$0.762297
NULS,$0.244151
CryptalDash,$0.023976
Sora,$70.64
Crypterium,$0.241706
Zynecoin,$1.08
WOM Protocol,$0.237130
Hashgard,$0.000255
Native Utility Token,$23.65
Massnet,$0.277469
CRYPTO20,$0.579433
Nash Exchange,$0.811952
Egoras,$0.000357
Cortex,$0.091389
RedFOX Labs,$0.167752
sUSD,$1.02
The Transfer Token,$0.773741
Level01,$0.142157
PIVX,$0.391961
Rocket Pool,$2.17
NOIA Network,$0.069233
Orion Protocol,$2.23
BitcoinHD,$3.60
ChainX,$3.17
YFValue,$6.66
Ripio Credit Network,$0.041246
MX Token,$0.131083
STEM CELL COIN,$0.064373
COTI,$0.037406
Dragonchain,$0.056290
Everus,$0.045060
Cryptoindex.com 100,$0.337492
Hellenic Coin,$0.304313
WazirX,$0.091508
Beam,$0.292960
VeThor Token,$0.000751
Molecular Future,$0.243271
AgaveCoin,$0.052948
Unitrade,$0.870425
Akropolis ,$0.009960
ARPA Chain,$0.023671
Bluzelle,$0.083532
FunFair,$0.003115
Darico Ecosystem Coin,$0.278345
BigONE Token,$0.002134
Stakenet,$0.183014
Loom Network,$0.019964
Newscrypto,$0.205507
BDCC Bitica COIN,$5.69
Bloomzed Token,$?
Request,$0.019315
TrueChain,$0.245023
Metal,$0.295407
Polymath,$0.036597
Buggyra Coin Zero,$0.009347
Elamachain,$0.026938
Cindicator,$0.009550
ERC20,$0.016633
Proton,$0.011372
Nimiq,$0.002883
Ergo,$0.740823
BORA,$0.026630
Sentivate,$0.006476
Nestree,$0.016429
SaluS,$17.51
Civic,$0.025973
Everipedia,$0.001831
DOS Network,$0.131736
Fusion,$0.375787
Ouroboros,$0.003800
Celer Network,$0.004444
BOSAGORA,$0.061652
Dent,$0.000207
CasinoCoin,$0.000414
VIDT Datalink,$0.349454
CRYPTOBUCKS,$0.004373
CONTRACOIN,$0.834324
Invictus Hyperion Fund,$0.142359
Grin,$0.319721
Nebulas,$0.326515
Gas,$1.65
BitKan,$0.002629
Ignis,$0.020730
Quantstamp,$0.027035
Zap,$0.072636
KARMA,$0.000825
apM Coin,$0.140090
DMM: Governance,$0.355035
Obyte,$21.58
FirmaChain,$0.088073
Cocos-BCX,$0.000412
Ecoreal Estate,$0.076655
SynchroBitcoin,$0.218483
AirSwap,$0.110011
12Ships,$0.003241
Function X,$0.071619
GreenPower,$0.004942
StormX,$0.002125
Tachyon Protocol,$0.059639
Davinci Coin,$0.003510
Lambda,$0.019364
YF Link,$317.45
Contentos,$0.007131
SUKU,$0.211937
Cream Finance,$101.18
Elitium,$0.914230
Unobtanium,$74.25
Mainframe,$0.001586
B2BX,$0.750827
AdEx Network,$0.147942
Hakka.Finance,$0.164309
Metaverse ETP,$0.183071
Prometeus,$2.11
Dynamic Trading Rights,$0.009461
LTO Network,$0.059510
MovieBloc,$0.001705
Agoras Tokens,$0.477870
DIA,$1.34
Cred,$0.016778
Project Pai,$0.009682
Alchemy Pay,$0.015461
Standard Tokenization Protocol,$0.017077
Keep Network,$1.01
pNetwork,$0.572250
Gemini Dollar,$0.982736
Karatgold Coin,$0.002935
Chromia,$0.031322
Envion,$0.090686
AMO Coin,$0.000757
QASH,$0.039622
DREP,$0.003458
Populous,$0.250039
IG Gold,$0.000233
Bit-Z Token,$0.106217
FirstBlood,$0.144868
Constellation,$0.010469
Sport and Leisure,$0.019526
dForce,$0.157767
Vertcoin,$0.230491
LiquidApps,$0.018527
Monolith,$0.386727
PARSIQ,$0.145921
LATOKEN,$0.032237
Phala.Network,$0.091962
Groestlcoin,$0.165409
Kin,$0.000010
Nexus,$0.190587
CoinMetro Token,$0.043980
Apollo Currency,$0.000836
ZBG Token,$0.046259
BHPCoin,$0.604379
Precium,$0.018053
ZEON,$0.000414
Wixlar,$0.004815
VIDY,$0.001268
Factom,$1.26
Jewel,$0.225074
Dock,$0.019061
Newton,$0.000567
QuarkChain,$0.005415
FNB Protocol,$0.004903
Dusk Network,$0.042248
MiL.k,$0.146804
Aidos Kuneen,$0.473569
MediBloc,$0.004318
BTSE,$2.62
FIO Protocol,$0.124072
APIX,$0.097823
Emirex Token,$0.448574
Cashaa,$0.018662
TrustVerse,$0.027095
USDJ,$1.00
CBDAO,$10.05
The Force Protocol,$0.034466
0Chain,$0.220907
Pirate Chain,$0.063152
King DAG,$0.215827
Effect.AI,$0.041850
Nxt,$0.010343
NKN,$0.018008
Zenon,$2.31
Metadium,$0.008354
PLANET,$0.045571
VideoCoin,$0.071333
NEXT,$0.256933
Dimension Chain,$0.041346
BIKI,$0.032432
REPO,$0.092886
1SG,$2.22
Anchor,$0.792918
LinkEye,$0.012498
Realio Network,$0.961918
Einsteinium,$0.045636
Perlin,$0.020865
BASIC,$0.006441
Swerve,$1.39
MineBee,$0.000200
Qubitica,$8.09
PlatonCoin,$0.394935
Telcoin,$0.000207
Credits,$0.028985
RChain,$0.019997
TTC,$0.021435
Dawn Protocol,$0.210758
DigixDAO,$63.71
Tael,$0.108518
Skycoin,$0.496013
Observer,$0.004099
Insights Network,$0.047742
AAX Token,$0.360798
Leverj,$0.078983
FIBOS,$0.008726
Robonomics.network,$13.53
Aergo,$0.034743
Raiden Network Token,$0.179340
PowerPool,$1.83
Minter Network,$0.003197
Carry,$0.001600
Meta,$2.60
Measurable Data Token,$0.013482
Arcblock,$0.089880
GoChain,$0.008479
High Performance Blockchain,$0.119958
FarmaTrust,$0.014683
Valor Token,$0.448048
BitForex Token,$0.001968
Dune Network,$0.018887
TenX,$0.059365
IoT Chain,$0.098082
AEN Smart Token,$0.012340
EveryCoin ,$0.000940
Cartesi,$0.043116
Levolution,$0.169948
dKargo,$0.028004
Santiment Network Token,$0.134824
Tixl,$173.33
QuickX Protocol,$0.016891
Quantum Resistant Ledger,$0.117609
PumaPay,$0.001710
Ubiq,$0.198213
Selfkey,$0.002519
Ormeus Ecosystem,$0.003527
MVL,$0.000904
Capricoin+,$0.035658
Achain,$0.008446
suterusu,$0.005908
Safe Haven,$0.002662
Props Token,$0.039528
Sentinel Protocol,$0.019591
LCX,$0.013382
Tokes,$0.039584
Clams,$1.84
NavCoin,$0.113477
VITE,$0.016924
smARTOFGIVING,$0.112914
Bitcoin 2,$0.435254
TokenClub,$0.011054
PCHAIN,$0.009869
CyberMiles,$0.009511
IQeon,$1.40
Krios,$0.014454
HOMIHELP,$6.95
PlayChip,$0.000544
STATERA,$0.086746
ROAD,$0.096481
HYCON,$0.003345
ShipChain,$0.015994
FLETA,$0.007427
MAP Protocol,$0.023876
AppCoins,$0.030900
CWV Chain,$0.002138
Orient Walt,$0.081007
Quark,$0.028316
Rakon,$0.060089
DMarket,$0.131600
GlobalBoost-Y,$0.415972
TOP,$0.001455
FOAM,$0.024715
Eminer,$0.005053
Metronome,$0.670439
HyperDAO,$0.019206
DAOstack,$0.126694
VNX Exchange,$0.251589
LBRY Credits,$0.015835
Wagerr,$0.037334
GHOSTPRISM,$2.60
Phantasma,$0.126873
MIR COIN,$0.008731
Sparkpoint,$0.001058
Spectre.ai Dividend Token,$0.087470
Morpheus Labs,$0.018100
ILCOIN,$0.013154
GHOST,$0.557186
Wings,$0.070710
Morpheus.Network,$0.194703
TE-FOOD,$0.013402
Gifto,$0.009681
ProximaX,$0.001146
Pluton,$7.81
MixMarvel,$0.003546
Time New Bank,$0.001911
Harvest Finance,$79.69
Mysterium,$0.306554
Circuits of Value,$0.007950
Blocknet,$0.958822
Spendcoin,$0.003066
Neblio,$0.418855
Burst,$0.003250
Aleph.im,$0.173021
Ferrum Network,$0.048376
Bread,$0.073135
#MetaHash,$0.003096
HorusPay,$0.000262
Bezant,$0.007362
dForce USDx,$1.00
Lamden,$0.043878
Propy,$0.088464
CoinEx Token,$0.008802
OTOCASH,$0.288719
Atomic Wallet Coin,$0.565400
XMax,$0.000405
MOAC,$0.097895
BnkToTheFuture,$0.008302
ROOBEE,$0.003019
OneRoot Network,$0.021224
DEAPcoin,$0.006771
INT,$0.013315
Folgory Coin,$0.348093
Telos,$0.021956
Aragon Court,$0.045878
Aeon,$0.372012
Moss Coin,$0.015998
HUNT,$0.053492
Bibox Token,$0.064119
Polybius,$1.47
Digix Gold Token,$61.46
Peercoin,$0.217441
Everex,$0.261670
Compound Coin,$1.47e-7
nOS,$0.055742
Steem Dollars,$0.964545
LockTrip,$0.381417
Dero,$0.572088
Universa,$0.001693
Endor Protocol,$0.003939
Safe,$0.268961
GameCredits,$0.056520
Rarible,$5.61
OAX,$0.075483
Vid,$0.176514
PAC Global,$0.000728
XYO,$0.000425
Veritaseum,$2.56
inSure,$0.001410
WeShow Token,$0.011697
OST,$0.007040
United Traders Token,$0.140508
Po.et,$0.001678
Genesis Vision,$1.17
BackPacker Coin,$1.02
BLOCKv,$0.001729
district0x,$0.008784
Namecoin,$0.360874
EDC Blockchain [old],$0.002098
Electra,$0.000179
Polis,$0.520041
Antiample,$0.010925
CryptoFranc,$1.08
SIRIN LABS Token,$0.010063
Insight Protocol,$0.308087
Metrix Coin,$0.000287
Block-Chain.com,$0.024123
SmartCash,$0.003543
Moeda Loyalty Points,$0.253238
NIX,$0.104462
Eureka Coin,$0.069380
Mithril,$0.005407
Lightning Bitcoin,$1.23
Ruff,$0.004967
Shift,$0.359617
Aladdin,$0.000105
StakeCubeCoin,$0.618134
All Sports,$0.003213
FLO,$0.031768
ODEM,$0.020920
DigitalNote,$0.000973
Particl,$0.509702
Sense,$0.005862
Grid+,$0.118702
SwftCoin,$0.001168
Nucleus Vision,$0.000639
Waves Enterprise,$0.120393
Peculium,$0.002278
Origo,$0.010685
Genaro Network,$0.017764
Safex Token,$0.002774
YOU COIN,$0.008159
LikeCoin,$0.010505
Sentinel,$0.002258
USDQ,$0.824815
WePower,$0.006862
POA,$0.016162
DATA,$0.000385
Blox,$0.006426
Game.com,$0.005910
DDKoin,$2.62
Idena,$0.144458
SmartMesh,$0.003308
Content Value Network,$0.004750
TronEuropeRewardCoin,$0.021411
MarketPeak,$0.144933
JD Coin,$0.115830
DigitalBits,$0.011636
Global Digital Content,$0.001288
Neumark,$0.114444
Tokenomy,$0.020482
BitMart Token,$0.024788
Dentacoin,$0.000006
LINA,$0.013627
SpankChain,$0.015978
bitCNY,$0.147886
PressOne,$0.014403
PANTHEON X,$0.034447
Zano,$0.401276
Raven Protocol,$0.000968
VNDC,$0.000040
NOW Token,$0.047972
ChronoCoin,$0.001395
SingularDTV,$0.006852
SALT,$0.050610
Ternio,$0.068263
GeoDB,$0.306909
T.OS,$0.004825
XIO,$0.220473
Dynamic,$0.264520
Viacoin,$0.173812
Cloudbric,$0.007187
Bitcore,$0.222102
Counterparty,$1.52
Monero Classic,$0.092639
Tierion,$0.009333
DEXTools,$0.045053
Nexalt,$0.247423
Flash,$0.004405
SpaceChain,$0.007354
YOYOW,$0.008178
Ondori,$0.000105
Dragon Coins,$0.010935
Gulden,$0.007526
SONM,$0.010908
Phore,$0.171990
BOLT,$0.003939
YFDAI.FINANCE,$674.55
Diamond Platform Token,$2.24
GET Protocol,$0.334504
MicroBitcoin,$0.000020
VIBE,$0.014788
Agrocoin,$0.031100
Swingby,$0.120907
Pillar,$0.014654
MediShares,$0.003114
Acute Angle Cloud,$0.014965
OceanEx Token,$0.001775
Free Tool Box Coin,$0.015404
RING X PLATFORM,$0.067648
Verasity,$0.000948
Egretia,$0.000871
Covesting,$0.204763
AIDUS TOKEN,$0.009624
Hydro Protocol,$0.005199
UnlimitedIP,$0.002719
QLC Chain,$0.015014
VIG,$0.005332
Global Cryptocurrency,$0.002832
REVV,$0.014037
Lition,$0.100585
Seele-N,$0.005105
Ethereum Meta,$0.000071
UniLayer,$0.204370
DAPS Coin,$0.000065
Apex,$0.006871
ZrCoin,$0.693217
NextDAO,$0.002455
Bitrue Coin,$0.036723
Frontier,$0.364751
CommerceBlock,$0.019515
Asch,$0.036342
Kryll,$0.112949
Abyss Token,$0.014998
Nexxo,$0.015684
Kambria,$0.001536
Hi Mutual Society,$0.008286
Lykke,$0.010562
Jibrel Network,$0.019677
SonoCoin,$0.117630
TERA,$0.003944
Caspian,$0.007297
GAPS,$0.329732
U Network,$0.000465
Hyprr (Howdoo),$0.033745
VNT Chain,$0.001186
Merculet,$0.000754
qiibee,$0.004195
XTRABYTES,$0.007447
SymVerse,$0.047191
Atlas Protocol,$0.001218
ALQO,$0.048350
ODUWA,$0.744691
Budbo,$0.037967
Qitmeer,$0.035219
CanYaCoin,$0.031677
Artfinity,$0.024288
VeriBlock,$0.004615
Zel,$0.026249
Bitcoin Rhodium,$2.85
Etheroll,$0.427407
Agrello,$0.034611
SunContract,$0.024250
EDUCare,$0.004088
Rupiah Token,$0.000067
Blockchain Certified Data Token,$0.078079
Nyzo,$0.245014
yieldfarming.insure,$379.24
Airbloc,$0.011199
Mcashchain,$0.002860
Viberate,$0.015096
Global Rental Token,$0.000027
Auctus,$0.082656
Xaya,$0.054227
INLOCK,$0.002189
SIX,$0.008641
Monetha,$0.006793
RSK Smart Bitcoin,"$10,303.16"
GridCoin,$0.006771
Edge,$0.027635
THEKEY,$0.000443
LUKSO,$0.721408
Tripio,$0.000721
Xaurum,$0.037515
Tendies,$0.303555
Hydro,$0.000244
Credo,$0.004851
CACHE Gold,$60.73
Nexty,$0.000017
Bitex Global XBX Coin,$0.013114
NuBits,$0.239816
EOSDT,$0.997059
ECC,$0.000105
BitCapitalVendor,$0.002682
Skrumble Network,$0.002536
BIZZCOIN,$0.780961
EURBASE,$0.901089
PolySwarm,$0.001593
ColossusXT,$0.000210
ScPrime,$0.092915
Change,$0.129449
ContentBox,$0.002551
Constant,$27.16
CUTcoin,$0.022025
Geeq,$0.794545
Amoveo,$37.09
GoCrypto Token,$0.012340
Open Predict Token,$2.51
Connectome,$1.96
Tidex Token,$0.259789
Litecoin Cash,$0.003546
Enecuum,$0.019309
BitNewChain,$0.013844
HitChain,$0.000040
Sapphire,$0.007447
Uptrennd,$0.010905
Axis DeFi,$1.16
LINKA,$0.003463
ZVCHAIN,$0.002701
Presearch,$0.013803
Spectrecoin,$0.091259
Mobius,$0.568879
Cryptopay,$0.033949
Hashshare,$0.032592
Trias,$0.001025
FinNexus,$0.177721
Rewardiqa,$0.184330
HTMLCOIN,$0.000044
Parachute,$0.003987
Sharder,$0.007810
Rotharium,$0.677451
Cardstack,$0.000982
Fatcoin,$0.018705
QunQun,$0.003113
BUX Platform Token,$0.039435
Mooncoin,$0.000008
DAOBet,$0.013530
ALLY,$0.000981
Global Social Chain,$0.003983
eBitcoin,$0.117115
Ink Protocol,$0.005598
Defis Network,$6.06
Internxt,$3.42
YEE,$0.001628
Ambrosus,$0.018425
Omni,$3.90
Ravencoin Classic,$0.000301
Tokoin,$0.012158
CEEK VR,$0.003518
NAGA,$0.029415
Loopring [NEO],$0.017189
EOS Force,$0.002241
NoLimitCoin,$0.003513
Esportbits,$0.099109
Red Pulse Phoenix,$0.002603
DOC.COM,$0.002829
Minereum,$0.213852
Offshift,$1.22
Vexanium,$0.003046
NPCoin,$0.029471
DistX,$0.065406
Xfinance,$89.04
LNX Protocol,$0.007782
Remme,$0.002106
UGAS,$0.012904
Cube,$0.000310
Blue Whale EXchange,$0.048466
Dinastycoin,$0.001047
MintCoin,$0.000084
EXMO Coin,$0.002918
PIBBLE,$0.000127
ZIMBOCASH,$0.001813
Feathercoin,$0.007011
Winding Tree,$0.095491
Bitgear,$0.037301
Earneo,$0.012271
BarterTrade,$0.031150
Cajutel,$1.44
Radium,$0.491092
IONChain,$0.016688
Myriad,$0.001163
Lightstreams,$0.043078
Aryacoin,$0.012438
Upfiring,$0.082911
Blockmason Credit Protocol,$0.017200
Bitcoin Atom,$0.107922
Colu Local Network,$0.015935
hybrix,$1.03
VINchain,$0.003307
Odyssey,$0.000297
BlackCoin,$0.032513
Emercoin,$0.042226
Blackmoon,$0.031771
Jarvis Network,$0.064299
PegNet,$0.000995
HoryouToken,$0.001509
Gleec,$0.132894
BitTube,$0.006707
Plair,$0.000075
Credit Tag Chain,$0.050921
Wowbit,$0.009544
Color Platform,$0.013840
Digital Asset Guarantee Token,$0.055949
OKCash,$0.023533
Trade Token X,$0.022066
42-coin,"$44,159.73"
DeepBrain Chain,$0.000576
BitGreen,$0.157880
BetProtocol,$0.001008
Incent,$0.039645
Titan Coin,$0.001993
CryptoPing,$0.201056
Litex,$0.001605
DECOIN,$0.031792
General Attention Currency,$0.178806
DSLA Protocol,$0.000331
1World,$0.072263
HashBX ,$0.002820
TRONCLASSIC,$0.000003
Stealth,$0.048033
AstroTools,$0.589688
Casino Betting Coin,$0.011347
Cryptocean,$0.215086
HodlTree,$0.369066
TrueFlip,$0.281031
PotCoin,$0.007587
BOScoin,$0.002004
Pundi X NEM,$0.000093
carVertical,$0.000226
Naka Bodhi Token,$0.024607
BaaSid,$0.000343
Midas,$1.28
Diamond,$0.486435
Hiveterminal Token,$0.003401
Swarm,$0.022076
Swace,$0.003285
DEX,$0.008810
BlockStamp,$0.063033
Ixinium,$0.121156
ZClassic,$0.187833
MenaPay,$0.012373
OneLedger,$0.004015
Unikoin Gold,$0.010576
Manna,$0.002517
Humanscape,$0.003512
Ivy,$0.002563
ZeuxCoin,$0.008710
Crown,$0.064833
Lynx,$0.000021
Bloom,$0.029059
NaPoleonX,$0.067895
Fesschain,$0.018821
pEOS,$0.001956
CanonChain,$0.002818
Maincoin,$0.004368
0xcert,$0.004665
Eterbase Utility Token,$2.05
Databroker,$0.020871
Bismuth,$0.368291
Rapidz,$0.000974
TEMCO,$0.000491
Robotina,$0.005124
Pylon Finance,$201.16
DeepOnion,$0.096372
Aventus,$0.251972
Epic Cash,$0.163780
Kuai Token,$0.147801
X-CASH,$0.000026
Pamp Network,$0.627057
DAEX,$0.004319
Lympo,$0.001846
Peerplays,$0.337912
MultiVAC,$0.000425
I/O Coin,$0.082358
Noku,$0.050942
GMB,$0.002174
Curecoin,$0.060771
VeriDocGlobal,$0.000173
BABB,$0.000057
Matrix AI Network,$0.005555
AMLT,$0.005957
NeoWorld Cash,$0.000062
Add.xyz,$0.069332
Hubii Network,$0.097407
HalalChain,$0.003527
Boosted Finance,$24.40
Iconic Token,$0.176703
Refereum,$0.000285
CargoX,$0.008949
Teloscoin,$0.008552
Coineal Token,$0.005210
CoTrader,$0.000081
SoMee.Social,$0.015233
HempCoin,$0.005402
SafeCoin,$0.050343
Paparazzi,$0.030873
BidiPass,$0.004759
Content Neutrality Network,$0.000035
Cryptaur,$0.000105
Castweet,$0.775687
AXPR,$0.004836
Terracoin,$0.058772
ZelaaPayAE,$0.005114
Fast Access Blockchain,$0.046847
Rubycoin,$0.048033
ProChain,$0.026339
Themis,$0.002190
Wownero,$0.036895
Spiking,$0.003074
DreamTeam Token,$0.036122
Pascal,$0.038673
e-Gulden,$0.074589
Vetri,$0.003900
Primecoin,$0.037965
indaHash,$0.003146
Sphere,$0.100680
Scry.info,$0.002747
NFX Coin,$0.010068
Pivot Token,$0.000238
Xiotri,$272.77
WeOwn,$0.012117
Zenswap Network Token,$0.000002
SolarCoin,$0.019717
ChatCoin,$0.001735
CoinDeal Token,$0.025102
VeriCoin,$0.036385
Bean Cash,$0.000315
Pantos,$0.036965
DACSEE,$0.001573
Growth DeFi,$11.36
SalmonSwap,$1.68
EUNO,$0.030730
Banano,$0.001063
Unification,$0.034005
Isiklar Coin,$0.496749
Restart Energy MWAT,$0.002337
BOOM,$0.001483
iEthereum,$0.052440
Brickblock,$0.013579
PhoenixDAO,$0.026607
Chrono.tech,$1.61
Asian Fintech,$0.004405
Primas,$0.021621
SnowGem,$0.039090
Adshares,$0.032563
TrueFeedBack,$0.000415
Vipstar Coin,$0.000023
Netbox Coin,$0.014585
Vodi X,$0.002002
Nuggets,$0.000642
2key.network,$0.038279
Fountain,$0.012475
AI Doctor,$0.001906
Footballcoin,$0.002930
SyncFab,$0.004293
Era Swap,$0.056001
Meter Governance,$0.473406
MobileGo,$0.010961
ZumCoin,$0.001098
UNIVERSAL CASH,$0.000095
Sapien,$0.004895
Sumokoin,$0.042073
EchoLink,$0.002134
TokenPay,$0.049726
BOX Token,$0.010653
Tolar,$0.004588
Ycash,$0.105422
Falcon Project,$0.000269
Xriba,$0.010644
FREE Coin,$1.21e-7
Infinity Esaham,$1.66
KickToken,$0.000019
SYB Coin,$0.104881
Pandacoin,$0.000032
Banca,$0.000058
Amon,$0.001530
Callisto Network,$0.000306
TwoKeyEconomy,$0.039845
LOLTOKEN,$0.002291
FansTime,$0.000168
SINOVATE,$0.001547
EncrypGen,$0.013239
TurtleCoin,$0.000012
Open Platform,$0.000950
Smartlands Network,$0.195691
AGA Token,$0.795699
Education Ecosystem,$0.004452
ATLANT,$0.018386
Waves Community Token,$0.099637
Nasdacoin,$0.043506
IntelliShare,$0.003563
Snetwork,$0.004600
Rapids,$0.000101
eosDAC,$0.001483
Perth Mint Gold Token,"$1,897.73"
QChi,$0.029979
MonetaryUnit,$0.004824
PUBLISH,$0.003888
Snovian.Space,$0.002664
SignatureChain ,$0.001257
ADAMANT Messenger,$0.011388
Honest,$0.010179
EXRNchain,$0.000010
Expanse,$0.050646
KuboCoin,$0.000010
MB8 Coin,$0.005873
LHT,$0.012100
ToaCoin,$0.000105
ATC Coin,$0.002175
Typerium,$0.000488
Humaniq,$0.005022
Boolberry,$0.070371
ParkinGo,$0.046052
Origin Sport,$0.003103
IHT Real Estate Protocol,$0.000917
CoinPoker,$0.003462
adbank,$0.001150
Opacity,$0.007063
Datum,$0.000913
Auxilium,$0.007527
Paypex,$0.013264
Rise,$0.005664
Substratum,$0.002335
MESEFA,$2.08
UCA Coin,$0.000607
Lunes,$0.005910
Alphacat,$0.000318
Ubex,$0.000297
Bottos,$0.001722
Penta,$0.003458
Ormeus Coin,$0.024245
Dether,$0.010197
Experty,$0.031949
SovranoCoin,$0.718327
Coin Lion,$0.023763
Insureum,$0.003837
Zipper,$0.000140
Yap Stone,$0.005727
Medicalchain,$0.002754
Zebi Token,$0.001862
NEXT.coin,$?
CloakCoin,$0.151568
NewYorkCoin,$0.000005
Eden,$0.001369
Flixxo,$0.009859
Blue Protocol,$0.019632
Omix,$0.000900
Hacken Token,$0.017918
Nework,$0.005533
TurtleNetwork,$0.009020
Bitswift,$0.204627
CPChain,$0.002126
HyperExchange,$0.013066
YAM v1,$1.31
Pinkcoin,$0.001889
ZENZO,$0.056942
Digital Gold,$57.41
HEAT,$0.016781
CVCoin,$0.054779
Sparkle Loyalty,$0.249765
Crypto Village Accelerator,$0.368022
Zero,$0.090655
Rublix,$0.036918
WeTrust,$0.008142
AmonD,$0.000948
Veil,$0.009458
BQT,$0.001316
Conceal,$0.086130
ATN,$0.008808
LUXCoin,$0.075547
Datamine,$0.131319
Edgeless,$0.006190
Pirl,$0.009242
BitCrystals,$0.031148
Skychain,$0.097015
SBank,$0.115347
WPP TOKEN,$0.002061
Axe,$0.135907
Auroracoin,$0.039170
RealTract,$0.000060
FNKOS,$0.004108
PayPie,$0.007390
Denarius,$0.095282
Gene Source Code Chain,$0.001856
GNY,$0.003569
DeFinition,$0.298924
Dimecoin,$0.000001
Evedo,$0.033524
Membrana,$0.004017
Essentia,$0.000777
Traceability Chain,$0.000549
Martkist,$0.051901
TraDove B2BCoin,$0.001346
Halo Platform,$0.000092
NativeCoin,$0.027868
Spectre.ai Utility Token,$0.025636
Mercury,$0.006607
NuShares,$0.000235
CREA,$0.033688
Chi Gastoken,$0.752272
CryptoEnergy,$19.63
Phoenixcoin,$0.008086
Espers,$0.000028
BitcoinZ,$0.000082
GoWithMi,$0.000185
Niobium Coin,$?
Bitcoin Confidential,$0.000086
Beaxy,$0.002256
Bitfex,$0.003146
BonusCloud,$0.000216
RigoBlock,$1.59
USDX [Lighthouse],$0.165751
Ormeus Cash,$0.008867
Debitum,$0.003120
Ink,$0.001110
4THPILLAR TECHNOLOGIES,$0.004936
YGGDRASH,$0.000112
CryptoVerificationCoin,$1.05
Matryx,$0.025960
StarCoin,$0.000357
GeoCoin,$0.188775
Lobstex,$0.029770
Okschain,$0.000524
Internet of People,$0.044574
DomRaider,$0.001018
Azbit,$0.000007
ECOSC,$0.687878
Bidesk,$0.074082
PeepCoin,$0.000004
Tokenbox,$0.051116
Neurotoken,$0.007342
Hush,$0.058928
LGO Token,$0.010780
Ecobit,$0.001259
Nebula AI,$0.000462
Sessia,$0.083357
BitBall,$0.002936
Pizza,$0.019113
BeatzCoin,$0.000300
Moneytoken,$0.000055
Mallcoin,$0.003174
BOMB,$0.611060
Jobchain,$0.000111
AICHAIN,$0.001045
ImageCoin,$0.054554
FuzeX,$0.000531
LocalCoinSwap,$0.010593
Faceter,$0.001165
ATMChain,$0.000105
Askobar Network,$0.006710
MEET.ONE,$0.000284
Crowd Machine,$0.001001
PARETO Rewards,$?
Alchemint Standards,$0.001684
Dropil,$0.000019
Liquidity Network,$0.009308
COVA,$0.000214
Swarm City,$0.061968
MyBit,$0.003372
0xBitcoin,$0.091619
MalwareChain,$0.164669
ZPER,$0.000447
Monarch,$0.011882
VegaWallet Token,$0.030730
Project WITH,$0.001528
Menlo One,$0.001528
GAMB,$0.000122
Electronic Energy Coin,$0.001176
Coinsbit Token,$0.000365
Paytomat,$0.003044
Cryptobuyer,$0.009456
STK,$0.001484
StableUSD,$0.944814
Zen Protocol,$0.022524
FYDcoin,$0.001048
FintruX Network,$0.005339
Blocery,$0.028772
Bitcoin Private,$0.107691
Rate3,$0.000559
Karbo,$0.057918
Vether,$1.94
Trollcoin,$0.000839
AtromG8,$0.038953
TrustDAO,$0.027263
REAL,$0.049717
Aeryus,$0.024935
ZOM,$0.011099
Olive,$0.008390
Smartshare,$0.000099
Scala,$0.000051
Cubiex,$0.005825
Master Contract Token,$0.000838
X8X Token,$0.009911
Dovu,$0.001033
BEAT,$0.003731
OVCODE,$0.010184
GoldMint,$0.237118
Cosmo Coin,$0.000683
Orbitcoin,$0.142630
Patron,$0.001079
Cappasity,$0.000677
ESBC,$0.019839
Playgroundz,$0.015672
TouchCon,$0.004331
Decentrahub Coin,$2.76
Max Property Group,$0.003017
Trittium,$0.003449
Delphy,$0.007008
SHIELD,$0.000850
VeriumReserve,$0.149769
onLEXpa,$0.002328
PetroDollar,$0.006712
CRDT,$0.121056
Coinlancer,$0.002407
SIBCoin,$0.022584
Bitcoin Plus,$2.93
Golos Blockchain,$0.001603
Qwertycoin,$0.000004
Bridge Protocol,$0.001852
Zeitcoin,$?
Sentient Coin,$0.000306
Infinitecoin,$0.000004
QuadrantProtocol,$0.001068
HiCoin,$0.000105
Bancacy,$0.003232
PIXEL,$0.010955
AMATEN,$0.053459
Devery,$0.006352
BitDegree,$0.001051
Primalbase Token,$321.77
FortKnoxster,$0.002687
Etherparty,$0.000400
Novacoin,$0.173359
EBCoin,$0.000087
Moneynet,$0.000107
OLXA,$0.000272
NANJCOIN,$0.000020
AceD,$0.002030
Semux,$0.030636
WinCash,$0.258150
Patientory,$0.005524
ExclusiveCoin,$0.066071
Vites,$0.000010
SafeInsure,$0.019289
Egoras Dollar,$0.049742
Aston,$0.000440
Beetle Coin,$0.001567
Graviocoin,$0.000326
WinStars.live,$0.019815
XEL,$0.004090
MyWish,$0.039167
TV-TWO,$0.000643
ZMINE,$0.002307
HOLD,$0.000519
Defis,$0.002660
Centric Cash,$0.001015
Switch,$0.029534
Shadow Token,$0.050867
GoNetwork,$0.004732
Cashbery Coin,$0.005244
CoinUs,$0.001030
Solaris,$0.188366
CannabisCoin,$0.004510
Infinitus Token,$0.013973
MidasProtocol,$0.001612
Bitsdaq,$0.000127
Proton Token,$0.000041
Bitblocks,$0.001373
Lunyr,$0.146610
Digital Insurance Token,$0.001492
Bob's Repair,$0.001844
Scrypta,$0.024422
RED,$0.002579
SmileyCoin,$0.000021
Merebel,$0.053904
Ether Zero,$0.001905
Electrify.Asia,$0.000628
uPlexa,$0.000139
Ixcoin,$0.022653
AidCoin,$0.007421
SpectrumCash,$0.000105
BitScreener Token,$0.003877
Swapcoinz,$0.031016
HEROcoin,$0.001725
Trinity Network Credit,$0.000979
FujiCoin,$0.000105
MesChain,$0.000419
Eristica,$0.001888
ONOToken,$0.012557
WebDollar,$0.000030
PHI Token,$0.055272
BZEdge,$0.000080
HashCoin,$0.000025
imbrex,$0.036808
MIB Coin,$0.003005
DPRating,$0.000124
The ChampCoin,$0.001796
Ulord,$0.016704
OWNDATA,$0.000031
On.Live,$0.014445
EurocoinToken,$0.002307
Datawallet,$0.000801
Lisk Machine Learning,$0.002603
Safex Cash,$0.005342
TransferCoin,$0.038804
NeuroChain,$0.000668
Quiztok,$0.009464
Pylon Network,$0.524403
EverGreenCoin,$0.021038
Starbase,$0.001616
Pigeoncoin,$0.000049
Ubricoin,$0.000112
Block-Logic,$0.012640
Playkey,$0.020908
TigerCash,$0.005301
Ties.DB,$0.004300
Q DAO Governance token v1.0,$3.90
Crypton,$0.115627
Friendz,$0.000553
CryCash,$0.060201
ION,$0.021606
Flowchain,$0.330616
BitCash,$0.013521
Maverick Chain,$0.002727
DEEX,$0.005153
Chronologic,$0.301741
IQ.cash,$0.023469
Rivetz,$0.012776
XPA,$0.002719
EncryptoTel [WAVES],$0.004615
DAV Coin,$0.000401
DATx,$0.000214
Motocoin,$0.014473
Ryo Currency,$0.011911
StrongHands,$0.000017
IDEX Membership,$139.18
DecentBet,$0.001477
VouchForMe,$0.001141
Aeron,$0.013138
Jetcoin,$0.024152
MintMe.com Coin,$0.001468
Sakura Bloom,$0.000105
MargiX,$0.010721
Ultimate Secure Cash,$0.026220
Thrive Token,$0.002622
Birake,$0.003055
Crypto Sports,$0.098588
Memetic / PepeCoin,$0.009019
Ethereum Gold,$0.011820
InvestDigital,$0.002865
Equal,$0.000790
BioCoin,$0.000231
Proxeus,$0.000849
Swap,$0.029445
Bittwatt,$0.000839
CoinFi,$0.001202
Stox,$0.004786
Pakcoin,$0.003566
BiblePay,$0.000102
Fortuna,$0.000534
Orbit Chain,$0.045650
Sentinel Chain,$0.001251
Swing,$0.049291
Libertas Token,$0.002911
SafeCapital,$0.130099
PAYCENT,$0.002848
Business Credit Substitute,$0.136250
Indorse Token,$0.005291
Leadcoin,$0.000135
Qredit,$0.000349
VeriSafe,$0.000063
Zeusshield,$0.000200
Nerva,$0.013634
EventChain,$0.007296
Bitcoin Incognito,$0.017394
DECENT,$0.004419
Decentralized Machine Learning,$0.000829
ZINC,$0.040639
MetaMorph,$0.000979
OracleChain,$0.007401
BUZZCoin,$0.000010
Ether-1,$0.004449
TrueDeck,$0.007074
FedoraCoin,$0.000001
Blockpass,$0.001292
Toast.finance,$10.76
Gems ,$0.000174
Freicoin,$0.003776
ZUM TOKEN,$0.000014
Jarvis+,$0.002121
GoByte,$0.028971
LiteDoge,$0.000105
FLIP,$0.003788
LIFE,$0.000002
Qbao,$0.003201
MAX Exchange Token,$0.115818
DopeCoin,$0.001783
AudioCoin,$0.000210
Energycoin,$0.001678
Rentberry,$0.000676
EnergiToken,$0.000235
SPINDLE,$0.000058
DIMCOIN,$?
Helium Chain,$0.014788
Winco,$0.000378
Scorum Coins,$0.006762
Zeepin,$0.000400
NetKoin,$0.000043
LunchMoney,$0.002408
HelloGold,$0.000751
Masari,$0.013955
Zuflo Coin,$0.003006
Actinium,$0.008623
Celeum,$0.038327
x42 Protocol,$0.010362
DubaiCoin,$0.045308
Arbidex,$0.009422
Opus,$0.001364
Blocktrade Token,$0.003429
Unify,$0.010383
WIZBL,$0.001259
Goldcoin,$0.004510
Sociall,$0.011179
DeVault,$0.000650
Graft,$0.000315
Pesetacoin,$0.001311
Beer Money,$0.011062
Atonomi,$0.000376
Insula,$0.301512
Streamity,$0.252286
savedroid,$0.000058
IP Exchange,$0.000329
View,$0.005139
JET8,$0.000187
AllSafe,$0.019635
Carboneum [C8] Token,$?
OptiToken,$0.006293
YMPL,$0.404406
EtherGem,$0.009067
Noir,$0.008600
XcelToken Plus,$0.000016
Bitzeny,$0.002307
Maxcoin,$0.010327
Quasarcoin,$0.001021
Cobinhood,$0.000420
Taklimakan Network,$0.003746
Jupiter,$0.001355
Fera,$0.000915
FlypMe,$0.009663
Zilla,$0.002832
TrezarCoin,$0.000757
Kuende,$0.000190
Bezop,$0.003299
Bitcoin Free Cash,$0.088197
iTicoin,$5.77
Helix,$0.005828
Lethean,$0.000210
Matchpool,$0.002202
Yocoin,$0.000407
eXPerience Chain,$0.000002
Maecenas,$0.002522
ICE ROCK MINING,$0.010327
GravityCoin,$0.023499
Gravity,$0.000008
Social Send,$0.002947
HOQU,$0.000979
Cashhand,$0.002098
Billionaire Token,$0.052778
Kingdom Game 4.0,$0.040645
CryptoAds Marketplace,$0.009196
Webflix Token,$0.000235
POPCHAIN,$0.000172
TOKPIE,$0.007812
PTON,$0.000010
iDealCash,$0.000105
UpToken,$0.000779
LOCIcoin,$0.001239
KanadeCoin,$0.000066
Megacoin,$0.003776
Energo,$0.000244
MMOCoin,$0.002118
ArdCoin,$0.000524
PiplCoin,$0.000839
BitStash,$0.000051
BoutsPro,$0.001887
Fire Lotto,$0.003853
ZCore,$0.018582
TAGZ5,$0.000509
Signals Network,$0.001358
adToken,$0.000144
Relex,$0.000075
CryptoCarbon,$0.005768
Raise,$0.009323
Suretly,$0.575017
Bounty0x,$0.000598
MTC Mesh Network,$0.000306
EXMR FDN,$0.019966
SF Capital,$0.001363
Zippie,$0.000680
Limitless VIP,$0.000105
TEAM (TokenStars),$0.011207
SwiftCash,$0.000839
Maximine Coin,$0.000082
Vanta Network,$0.000061
GoldFund,$0.000808
MEXC Token,$0.000125
W Green Pay,$0.007311
Sharpay,$0.000038
Verify,$0.012445
Emerald Crypto,$0.006219
SWYFT,$0.177496
Leading Coin 4 Entrepreneurs,$0.082956
AiLink Token,$0.000024
BetterBetting,$0.000422
Synergy,$0.024855
Neuromorphic.io,$0.232344
ebakus,$0.001188
CROAT,$0.001468
InsaneCoin,$0.004825
PoSW Coin,$0.002517
KekCoin,$0.011117
BitBar,$2.51
Matrexcoin,$0.005349
Coinsuper Ecosystem Network,$0.000330
Bethereum,$0.000210
Parkgene,$0.000289
HyperQuant,$0.001582
FirstCoin,$0.003566
MicroMoney,$0.007428
Bonpay,$0.009544
Bolivarcoin,$0.007918
Pyrk,$0.010981
BlueCoin,$0.000210
Mainstream For The Underground,$0.000077
Narrative,$0.001476
Profile Utility Token,$0.002480
BlockCAT,$0.013239
EvenCoin,$0.003622
Bitnation,$0.000002
PRASM,$0.000050
Bigbom,$0.000328
Simple Software Solutions,$0.089354
Kobocoin,$0.004510
Scanetchain,$0.000132
PolypuX,$0.002743
MorCrypto Coin,$0.004824
BitSend,$0.003862
Zennies,$0.000105
BitClave,$0.000210
Blur,$0.018144
Garlicoin,$0.001796
Neutron,$0.002758
ETHPlus,$0.083862
LanaCoin,$0.000057
eBoost,$0.001068
Vidulum,$0.014691
BBSCoin,$7.49e-7
Artis Turba,$0.003611
LuckySevenToken,$0.001602
Peony,$0.017508
BLAST,$0.002292
Startcoin,$0.006532
Emphy,$0.021546
PEPS Coin,$0.002618
Truegame,$0.001236
Amino Network,$0.002031
Rupee,$0.002045
Lendingblock,$0.000129
KnoxFS,$0.000944
Silent Notary,$0.000001
Arionum,$0.000629
PWR Coin,$0.000042
Omnitude,$0.001527
BoatPilot Token,$0.001337
Transcodium,$0.003203
Veles,$0.077858
Monkey Project,$0.008705
Alpha Token,$0.003853
Giant,$0.011390
TCASH,$0.002695
Alt.Estate token,$0.000121
Ignition,$0.070910
OBITS,$0.006502
DABANKING,$0.018336
PLAAS FARMERS TOKEN,$0.006111
Civitas,$0.011327
Blocktix,$0.002307
PAL Network,$0.000210
Universe,$0.001049
Webcoin,$0.002030
RealChain,$0.000177
TrueVett,$0.000537
MktCoin,$0.000073
MARK.SPACE,$0.000069
Gentarium,$0.018774
BitRent,$0.000027
UNICORN Token,$0.000838
Bee Token,$0.000339
Fox Trading,$0.009972
The Currency Analytics,$0.000543
TENA,$0.032513
Aigang,$0.001185
Bitcoin CZ,$0.028320
Aditus,$0.000356
TrumpCoin,$0.012690
Dynamite,$0.217596
Litecoin Plus,$0.030414
DogeCash,$0.006607
BlitzPredict,$0.000326
Kurrent,$0.001363
Deutsche eMark,$0.001259
ImageCash,$0.017066
Bitcoin Token,$0.007566
MFCoin,$0.003883
PENG,$0.000010
GoldenPyrex,$0.008076
SRCOIN,$0.000016
Kind Ads Token,$0.001873
IXT,$0.007210
Elcoin,$0.007027
Catex Token,$0.000100
Mchain,$0.001683
CryptoBonusMiles,$0.000015
DOGEFI,$0.098712
Kuverit,$0.000034
Netko,$0.006922
AquariusCoin,$0.024751
Bitstar,$0.004090
CaixaPay,$0.000872
Ritocoin,$0.000054
Gossip Coin,$0.002281
Cryptonite,$0.000105
AdHive,$0.000513
Adelphoi,$0.003566
Autonio,$0.015818
PopularCoin,$0.000014
ParallelCoin,$0.232438
vSlice,$0.002202
FSBT API Token,$0.020912
FundRequest,$0.000750
ProxyNode,$0.000420
Ultragate,$0.007551
Utrum,$0.001120
Hurify,$0.000248
Bata,$0.012690
Cashpayz Token,$?
Carboncoin,$0.000105
PengolinCoin,$0.004119
Zetacoin,$0.000409
Donu,$0.013739
Advanced Technology Coin,$0.002412
Grimm,$0.001149
Paymon,$0.000004
INMAX,$0.026525
InterValue,$0.000523
Ethereum Gold Project,$0.000012
Kalkulus,$0.003671
HashNet BitEco,$0.002222
KIMCHI.finance,$0.004029
Elysian,$0.000692
HeartBout,$0.001210
SophiaTX,$0.000263
Anoncoin,$0.030414
WandX,$0.012066
Blocklancer,$0.000524
TagCoin,$0.008180
Arqma,$0.009649
Opal,$0.004090
wave edu coin,$0.000430
Acoin,$0.050550
Veros,$0.045451
HeroNode,$0.000039
Iridium,$0.003023
Rimbit,$0.000315
InvestFeed,$0.000315
Bela,$0.001259
Cheesecoin,$0.000147
SiaCashCoin,$0.000004
Eroscoin,$0.000315
CryptoSoul,$0.000218
ChartEx,$0.046543
Bitradio,$0.006293
CrypticCoin,$0.000049
PlayGame,$0.000057
Voise,$0.003094
AC3,$0.000105
Fireball,$2.37
Seal Network,$0.000106
Ifoods Chain,$0.000021
Bitgesell,$0.011070
Birdchain,$0.000338
BitWhite,$0.001478
Baz Token,$0.050055
Decentralized Asset Trading Platform,$0.000005
CDX Network,$0.001678
Business Credit Alliance Chain,$0.000117
Bitcloud,$0.001573
1X2 COIN,$0.000629
ACE (TokenStars),$0.004453
2GIVE,$0.000105
Agora,$0.001426
Digitalcoin,$0.001468
Ethereum Cash,$0.003461
MODEL-X-coin,$0.004300
PDATA,$?
Fiii,$0.000108
Privatix,$0.047511
LALA World,$0.000373
Bitcoin Zero,$0.001784
CYCLEAN,$0.000105
Commercium,$0.001154
Bitether,$0.001049
StrongHands Masternode,$0.339851
Hyper Speed Network,$0.000410
QUINADS,$0.000005
Elementeum,$0.009505
Bitcoin Red,$0.003461
EtherSportz,$0.018671
HollyWoodCoin,$0.002098
BTC Lite,$0.002622
PluraCoin,$0.000105
EveriToken,$0.001444
BitRewards,$0.000142
EZOOW,$0.000054
Asian Dragon,$0.000906
MojoCoin,$0.003776
InternationalCryptoX,$0.000086
CrowdWiz,$0.011000
TRAXIA,$0.000081
Datarius Credit,$0.000095
MultiCoinCasino,$0.009707
GlobalToken,$0.000419
CommunityGeneration,$0.000105
BitCoen,$0.006503
CaluraCoin,$0.003985
GCN Coin,$2.62e-7
Fantasy Sports,$0.005688
Thingschain,$0.000004
SkinCoin,$0.000506
Global Currency Reserve,$0.000420
ATBCoin,$0.001049
Connect Coin,$0.001122
OSA Token,$0.000031
ChessCoin,$0.000734
BlockMesh,$0.000158
PUBLYTO Token,$0.000065
Eternity,$0.004825
Naviaddress,$0.000176
InflationCoin,$0.000105
SONDER,$0.000085
WOLLO,$0.000046
Universal Currency,$0.002622
Thar Token,$0.001192
Regalcoin,$0.002937
DOWCOIN,$0.003476
ETHplode,$0.000934
FantasyGold,$0.002517
Ellaism,$0.002098
IFX24,$0.013424
XMCT,$0.000100
Social Activity Token,$0.000420
SelfSell,$0.000102
ATBCoin,$0.001049
DraftCoin,$0.004510
Xuez,$0.010278
PureVidz,$0.000315
More Coin,$0.019508
SuperCoin,$0.000734
RoBET,$0.055004
Cryptojacks,$0.000105
Knekted,$0.000038
UChain,$0.000125
AirWire,$0.000315
Freyrchain,$0.003389
Naviaddress,$0.000176
Storiqa,$0.000003
Octoin Coin,$0.067438
Bitcoin Fast,$0.002033
FUZE Token,$44.54
Diligence,$0.000330
Blockburn,$0.000032
Evil Coin,$0.001573
Apollon,$0.000231
OPCoinX,$0.000210
Blockparty (BOXX Token),$?
Rubies,$0.003356
NevaCoin,$0.006231
Photon,$0.000001
CustomContractNetwork,$0.000046
EtherInc,$0.000122
Global Crypto Alliance,$0.000420
Micromines,$0.000002
No BS Crypto,$0.000030
GuccioneCoin,$0.001468
XGOX,$0.000013
RPICoin,$0.000031
BitcoinV,$0.007626
EOS TRUST,$0.000054
Havy,$0.000028
Mobile Crypto Pay Coin,$0.003254
ZeusNetwork,$4.20e-7
Bitcoin Interest,$0.001573
KAASO,$0.000244
TOKYO,$0.000105
WABnetwork,$0.000002
nDEX,$0.000053
Bitcoin Adult,$0.000624
Titcoin,$0.000420
CYBR Token,$0.007489
PRiVCY,$0.001666
DeltaChain,$0.000037
Exosis,$0.060895
Coinchase Token,$0.000017
Origami,$0.005197
Adzcoin,$0.000524
StarterCoin,$0.000060
Cryptrust,$0.000037
Italian Lira,$0.000001
Iungo,$0.000734
BLOC.MONEY,$0.001573
VULCANO,$0.000105
SHPING,$0.000017
Cyber Movie Chain,$0.000001
IGToken,$0.000007
ROIyal Coin,$0.016361
PayCoin,$0.001783
High Voltage,$0.015942
Intelligent Trading Foundation,$0.002412
Herbalist Token,$0.000002
ELTCOIN,$0.000261
Payfair,$0.000584
MESG,$0.004790
YENTEN,$0.000955
Asura Coin,$0.000105
Galilel,$0.000914
Impleum,$0.002832
Theresa May Coin,$0.000210
Elementrem,$0.000839
GoldBlocks,$0.001468
Stellar Classic,$0.000027
VoteCoin,$0.000210
Arepacoin,$0.001369
Linfinity,$0.000025
JSECOIN,$0.000082
Italo,$0.003826
XDNA,$0.002856
GoPower,$0.000275
Ethouse,$0.000297
PYRO Network,$0.000027
ANON,$0.002937
Inex Project,$0.000003
Moin,$0.002307
Arion,$0.001678
ArbitrageCT,$0.000105
Waletoken,$0.000001
Guaranteed Ethurance Token Extra,$0.000071
Klimatas,$0.029388
Tourist Token,$0.000030
SmartCoin,$0.000734
SpreadCoin,$0.001888
BitStation,$0.000004
Cream,$0.000455
RefToken,$0.173385
Desire,$0.001993
FidexToken,$0.000027
Zurcoin,$0.000210
SteepCoin,$0.000105
BitcoiNote,$0.001573
Bitsum.money,$0.000058
Worldcore,$0.000105
KWHCoin,$0.000010
FuzzBalls,$0.003566
EthereumX,$0.000207
Save Environment Token,$0.014760
Jade Currency,$0.000621
CyberFM,$3.39e-7
Level Up Coin,$0.000061
Fivebalance,$0.000031
Bionic,$0.000031
Citadel,$0.001573
EUNOMIA,$0.000001
Dreamcoin,$0.006031
Guider,$0.000060
SCRIV NETWORK,$0.000673
MedicCoin,$0.000055
Thore Cash,$0.000302
Bitcoiin,$0.000315
Joint Ventures,$0.000743
Neural Protocol,$0.000002
SparksPay,$0.001746
Castle,$0.000839
BitNautic Token,$0.000839
ARAW,$0.000040
iBTC,$0.000315
PostCoin,$0.000944
Plus-Coin,$0.000033
UOS Network,$0.001097
Coin2.1,$0.000210
Bitcoin 21,$0.019298
Ether Kingdoms Token,$0.002011
VikkyToken,$0.000036
Streamit Coin,$0.001107
STRAKS,$0.000629
BERNcash,$0.000210
GeyserCoin,$0.011537
Magic Cube Coin,$0.000126
Digiwage,$0.000315
ShowHand,$2.38e-7
Carebit,$0.000094
GenesisX,$0.001363
Niobio Cash,$0.000103
Stipend,$0.001259
Daneel,$0.000695
Netrum,$0.005839
CyberMusic,$9.44e-7
Aricoin,$0.000105
ALAX,$0.000587
EnterCoin,$0.004300
EagleX,$0.000420
ClearPoll,$0.001783
Burger money,$0.495067
SnodeCoin,$0.003881
Biotron,$0.000210
Feellike,$0.083082
BitGuild PLAT,$0.000232
Ratecoin,$0.000105
GoHelpFund,$0.001049
SounDAC,$0.000839
PutinCoin,$0.000010
CCUniverse,$0.000015
Signatum,$0.000105
INDINODE,$0.000010
SkyHub Coin,$0.018320
TajCoin,$0.000629
Blakecoin,$0.000431
X-Coin,$0.000839
4NEW,$0.000183
Japan Content Token,$0.001018
Doge Token,$0.000001
Digital Money Bits,$0.000105
Helex,$0.157040
Bulleon,$0.009544
Onix,$0.000105
RightMesh,$0.002444
Zealium,$0.000734
Open Trading Network,$0.005244
wys Token,$0.000238
Galactrum,$0.001993
Spectrum,$0.000008
CPUchain,$0.000315
Provoco Token,$1.00e-8
Eva Cash,$0.011033
TravelNote,$0.004615
KUN,$4.95
BoostCoin,$0.000839
Phantomx,$0.000343
ParkByte,$0.002307
CryptoFlow,$0.000105
TokenDesk,$0.000554
bitJob,$0.000105
Luna Coin,$0.005349
ICOBID,$0.000105
MarteXcoin,$0.002098
Abitshadow Token,$0.000037
Agrolot,$0.000100
IBStoken,$0.013967
GINcoin,$0.001052
Kemacoin,$0.000346
Californium,$0.003985
Datacoin,$0.000210
Kabberry Coin,$0.000420
APR Coin,$0.000629
Crowdholding,$0.000034
Innovative Bioresearch Coin,$0.000103
FUTURAX,$0.000003
XOVBank,$0.000058
Kora Network Token,$0.000024
Couchain,$5.43e-7
Centurion,$0.000105
Helper Search Token,$0.014214
Shivers,$0.000210
PlatinumBAR,$0.000629
BriaCoin,$0.010000
Authorship,$?
MoneroV ,$0.002677
Zayedcoin,$0.001154
ARbit,$0.000629
Atheios,$0.000210
Bitcoinus,$2.00e-8
CFun,$0.000015
Escroco Emerald,$0.000056
WITChain,$0.000056
e-Chat,$0.000293
MustangCoin,$0.010488
Gold Poker,$0.001154
Ccore,$0.003873
Nyerium,$0.000210
P2P Global Network,$0.000149
Eurocoin,$0.000524
Dalecoin,$0.006398
Beacon,$0.012166
Innovative Bioresearch Classic,$0.000009
Mirai,$0.001765
Akroma,$0.000315
HYPNOXYS,$?
AmsterdamCoin,$0.000157
BitCoal,$0.001259
Xenoverse,$0.001049
Bitcoin Classic,$0.008966
BunnyToken,$0.000063
Trexcoin,$0.000005
Dollarcoin,$0.000524
ALL BEST ICO,$0.000028
Ragnarok,$0.000315
Gexan,$0.001888
Crystal Clear ,$0.000839
Coinonat,$0.000524
EVOS,$0.000420
Quebecoin,$0.000629
Peerguess,$0.000088
Natmin Pure Escrow,$0.000027
Spectiv,$0.000020
Independent Money System,$0.000629
VectorAI,$0.000315
Quantis Network,$0.000105
BowsCoin,$0.000734
MASTERNET,$0.000126
Staker,$0.002622
Nekonium,$0.000315
Decentralized Crypto Token,$0.000054
Cabbage,$0.000315
PAXEX,$0.000210
Alpha Coin,$0.000105
Litecred,$0.000315
SpeedCash,$0.006293
Fintab,$0.001268
JavaScript Token,$0.000451
MiloCoin,$0.000315
SongCoin,$0.000105
Dragon Option,$0.000027
Cointorox,$0.000191
InterCrone,$?
Veltor,$0.005978
CrevaCoin,$0.000105
KZ Cash,$0.002098
MNPCoin,$0.001468
Helpico,$0.135925
Rupaya,$0.000199
Stakinglab,$0.007551
LiteBitcoin,$0.000105
PosEx,$0.001049
Simmitri,$0.000042
Vivid Coin,$0.000378
YoloCash,$0.000095
Comet,$0.003042
BitMoney,$0.000068
Dash Green,$0.001122
Wild Beast Block,$0.012481
BenjiRolls,$0.000105
Cannation,$0.000839
Prime-XI,$0.000105
Qbic,$0.000360
Iconic,$0.003566
ICOCalendar.Today,$0.000003
BROTHER,$0.000105
TerraCredit,$0.006361
Storeum,$0.000007
iBank,$0.000315
Crystal Token,$0.003310
DNotes,$0.000014
Electrum Dark,$0.000363
PLNcoin,$0.000105
Bitvolt,$0.000105
LiteCoin Ultra,$0.001888
MoX,$0.000315
SocialCoin,$0.000105
Dollar International,$0.045271
Concoin,$0.001783
Secrets of Zurich,$0.000001
Project-X,"$16,883.78"
SONO,$0.000629
Flit Token,$2.86e-7
X12 Coin,$0.000083
Silverway,$0.000007
LitecoinToken,$1.00e-8
Soverain,$0.000109
PonziCoin,$0.000839
Save and Gain,$0.000210
Nibble,$0.001678
MoonSwap,$0.781032
999,$0.000002
Benz,$0.000075
Posscoin,$0.000003
Dinero,$0.000042
Argus,$0.000315
Abulaba,$0.000064
QYNO,$0.000315
WXCOINS,$0.000058
Dystem,$0.000021
HarmonyCoin,$0.000210
UltraNote Coin,$4.48e-7
Newton Coin Project,$0.000315
WETH,$340.59
eToro Euro,$1.17
eToro Pound Sterling,$1.27
Bitcoin Vault,$124.67
Pearl,$353.48
Golff,$1.90
WaykiChain Governance Coin,$0.016157
Aavegotchi GHST Token,$0.782644
HBTC Captain Token,$3.16
Pickle Finance,$35.17
Union Fair Coin,$0.082758
Decentralized Vulnerability Platform,$0.028065
LINKDOWN,$0.990091
eToro New Zealand Dollar,$0.658360
ECOChain,$1.61
YAMv2,$12.14
Bella Protocol,$2.69
Filecoin [Futures],$16.53
Ulgen Hash Power,$0.215570
Wing,$30.33
Klaytn,$0.543869
BKEX Token,$0.078919
MANTRA DAO,$0.179457
New BitShares,$0.008646
Ontology Gas,$0.122257
Jubi Token,$0.117726
AnimalGo,$0.022884
BigBang Core,$1.96
VinDax Coin,$0.012994
CHADS VC,$0.127824
ETHDOWN,$2.97
Bestay,$1.09
ELYSIA,$0.003841
Gstcoin,$0.326114
TAI,$1.37
Soda Coin,$0.013374
Bounce Token,$340.17
LINKUP,$5.58
Velo,$0.425679
The Tokenized Bitcoin,"$10,486.44"
ATTN,$0.120961
FairGame,$0.006027
Crust,$4.24
AOS,$0.065829
SocialGood,$2.47
Exchange Union,$1.89
Mineral,$0.007711
TriumphX,$10.74
Echoin,$0.003418
Kulupu,$0.448343
BNBDOWN,$3.44
3X Long Ethereum Token,$345.16
yfBeta,$348.39
Bankcoin Reserve,"$1,907.19"
Building Cities Beyond Blockchain,$1.46
Bonk,$0.657005
Shroom.Finance,$0.085891
YAM v3,$1.35
FOCV,$0.012362
MOTIV Protocol,$0.011714
FEX Token,$0.051348
yTSLA Finance,$32.02
VARC,$0.001798
Latamcash,$0.279358
Bridge Oracle,$0.011205
YFMoonshot,$160.67
Hatch DAO,$3.59
Stafi,$1.62
Crypto Price Index,$94.71
ABCC Token,$0.011012
JackPool.finance,$173.90
Betherchip,$1.10
MeconCash,$0.088186
dHedge DAO,$0.926314
BLOCKMAX,$2.77
Assemble Protocol,$0.025356
Anchor Neural World,$0.172467
Linear,$0.018285
Trust Wallet Token,$0.024106
Two Prime FF1 Token,$5.05
DOTDOWN,$9.83
SENSO,$0.224014
mStable USD,$0.999336
Medium,$0.447105
Yobit Token,$845.92
YottaChain,$0.033734
Entherfound,$0.996785
MDUKEY,$0.162846
THC,$0.854201
RAKUN,$0.017881
Xank,$0.055570
FinexboxToken,$0.792501
UniversalEnergyChain,$1.52
Xenon,$0.000224
Vinci,$1.45
Whole Network,$0.000646
Master Coin Point,$0.024011
Treecle,$0.022199
Lux Bio Cell,$0.002596
Hybrid Bank Cash,$0.059012
BTCDOWN,$6.52
Liquidity Dividends Protocol,$0.028283
3X Long Chainlink Token,$584.81
Coin Artist,$1.40
Falconswap,$0.236243
Barkis Network,$1.87
Hey Bitcoin,$0.042803
Samurai,$61.44
NDN Link,$0.007906
Sperax,$0.009611
ACE,$0.006231
SOLBIT,$0.005267
3X Short Ethereum Token,$0.095831
UBU,$0.025237
Bit World Token,$0.005728
BNBUP,$12.10
Keystone of Opportunity & Knowledge,$0.249390
Hedget,$3.67
WHALE,$10.41
NFT,$0.233213
Zeedex,$0.103042
LinkArt,$0.011922
Nyan Finance,$178.58
Bananatok,$0.014735
CNNS,$0.006376
Small Love Potion,$0.048157
Bilaxy Token,$0.003294
SakeToken,$0.171196
YFA Finance,$271.56
Perpetual Protocol,$1.31
Strong,$170.19
Anyswap,$0.976862
ShineChain,$0.000470
renBTC,"$10,509.18"
Libfx,$70.06
DOTUP,$7.52
Waifu Token,$0.000915
ETHUP,$16.13
Ducato Protocol Token,$5.00
Darwinia Commitment Token,$132.53
ITAM Games,$0.012061
Flow Protocol,$0.309831
Oracle System,$0.029651
Burency,$0.700272
IYF.finance,$30.33
BNS Token,$0.076580
XTZUP,$2.78
Force For Fast,$0.030107
MangoChain,$0.139354
Thorium,$0.024194
Coni,$0.009250
FolgoryUSD,$1.00
MyToken,$0.000889
Multi Channel Influencer Creater Cloud Funding Platform,$0.019042
Mandi Token,$0.113976
Binance KRW,$0.000858
Tokamak Network,$3.42
HUPAYX,$0.016385
Edgeware,$0.009011
Decentr,$0.080762
JustLiquidity,$40.59
Sashimi,$0.098105
QUEENBEE,$0.010366
3X Short Chainlink Token,$0.032203
DTOP Token,$0.007358
Innovation Blockchain Payment,$0.065900
Paris Saint-Germain Fan Token,$6.68
Asian-African Capital Chain,$0.396737
ViteX Coin,$0.224869
Tweebaa,$2.93
Kadena,$0.337522
DXdao,$132.22
Lien,$37.11
MATH,$0.373818
Semitoken,$0.012013
KittenFinance,$55.04
DACC2,$0.000741
IDK,$0.067429
Lung Protocol,$0.002451
TopChain,$0.005436
LinkToken,$0.014551
Bityuan,$0.156573
XTZDOWN,$13.27
MixTrust,$0.003735
3X Short Cardano Token,$1.56
DefiBox,$11.58
LUCY,$0.028313
Brazilian Digital Token,$0.182985
Epanus,$0.716713
Ystar,$0.039286
Amp,$0.007701
OIN Finance,$0.282142
Axial Entertainment Digital Asset,$0.009713
Bitpanda Ecosystem Token,$0.089983
Kush Finance,$1.16
KNOW,$0.001867
Dash Cash,$0.284628
Dego Finance,$0.622958
Zyro,$0.275342
XSwap,$0.001391
DeFi Pulse Index,$95.44
Bispex,$0.000640
Satopay Network,$0.001836
MiniSwap,$0.053538
CryptoBharatCoin,$1.09
Yield Farming Token,$53.64
GRAP,$0.265756
Hegic,$0.055589
Vidya,$0.032834
Rivex,$0.447784
AS Roma Fan Token,$3.24
YMAX,$35.58
Fame,$0.044049
3x Long Bitcoin SV Token,$0.254597
ADAUP,$2.38
Rozeus,$0.006012
BitUP Token,$0.001023
Nilu,$0.003696
zzz.finance,$157.77
FUTUREXCRYPTO,$0.862034
Dollars,$1.02
BNSD Finance,$0.051927
Oikos,$0.029378
MCDEX,$2.22
Soda Token,$10.10
YFFII Finance,$27.32
SOMESING,$0.015462
Cofinex Coin,$0.125752
Culture Ticket Chain,$0.000974
Chain Games,$0.016224
OneSwap DAO Token,$1.07
unibot.cash,"$1,239.12"
Uniris,$0.060318
Yeld Finance,$36.39
DegenVC,$1.47
SuperSwap,$0.398832
Balloon-X,$0.022964
LGCY Network,$0.000157
OG Fan Token,$2.72
CoinHe Token,$0.071606
BitCherry,$0.006026
DigiFinexToken,$0.179171
HAPY Coin,$0.003163
QURAS,$0.028812
PayProtocol,$0.215083
STONK,$0.004044
3X Short Bitcoin Token,$0.886232
Thisoption,$0.956965
Coupon Chain,$0.154817
Multiplier,$0.054898
EYES Protocol,$0.006398
DMScript,$0.007114
ARCS,$0.240909
Katana Finance,$0.009238
DFOhub,$1.31
Atletico De Madrid Fan Token,$4.54
Digital Rand,$0.058024
3X Long Bitcoin Token,"$2,805.98"
Tether Gold,"$1,873.16"
Ti-Value,$0.009166
Curio,$1.34
CENTERCOIN,$0.001163
Pofid Dao,$15.75
3x Long Litecoin Token,$1.47
ASTA,$0.075954
ProBit Token,$0.257327
BSYS,$0.004873
Crypto Holding Frank Token,$1.09
3X Long BNB Token,$145.82
Dfinity (IOU),$18.29
yffi finance,$28.46
3x Long EOS Token,$1.16
ReFork,$0.015317
ALP Coin,$0.260287
Aitheon,$0.002624
KYSC Token,$0.015479
3x Long XRP Token,$9.44
Galatasaray Fan Token,$2.47
Gather,$0.085425
FC Barcelona Fan Token,$3.59
LORI,$0.162980
3X Long Cardano Token,$728.01
All.me,$0.010370
3x Short XRP Token,$49.23
Unknown Fair Object,$0.497258
DEXA COIN,$0.000054
Money Plant Token,$0.078945
Yuan Chain Coin,$0.006080
Dipper Network,$0.010481
YFFS Finance,$33.58
yffc.finance,$20.66
Vybe,$1.77
Index Chain,$0.019027
Unisocks,"$3,614.34"
Proof Of Liquidity,$0.025838
Fyooz,$0.416102
Keysians Network,$1.81
Buzzshow,$0.011703
Global Human Trust,$42.65
CSPC,$0.002323
AML Bitcoin,$0.105647
AllianceBlock,$0.096247
Heart Number,$0.000460
Dcoin Token,$0.014037
ADADOWN,$14.37
Meter Stable,$0.338326
Dextoken,$197.70
Dapp Token,$0.001064
YFIVE FINANCE,$22.85
FME,$0.023232
JUST NETWORK,$0.010102
Creed Finance,$1.38
Blockchain Exchange Alliance,$0.002362
VEHICLE DATA ARTIFICIAL INTELLIGENCE PLATFORM,$0.192141
Relevant,$0.936202
Etherpay,$0.929300
DEMOS,$0.340135
Satoshivisioncoin,$0.000370
V-Dimension,$0.530955
WiBX,$0.005557
BlackPearl Token,$0.000215
Galaxy Pool Coin,$0.070658
Limestone Network,$0.024106
Filenet,$0.023266
3x Long Bitcoin Cash Token,$2.63
Shardus,$0.087300
YFIBusiness,$14.22
CORN,$12.79
Juventus Fan Token,$6.92
Dragon Ball,$8.67
Pilnette,$0.020539
DigiDinar Token,$17.23
LBK,$0.008210
CoinMeet,$0.005857
EA Token,$0.001752
DMme,$0.002607
3x Short Bitcoin SV Token,$0.327755
DMD,$216.09
StarCurve,$0.296149
Derivex,$0.006915
EIDOS,$0.000292
Squirrel Finance,$1.30
3X Long TRX Token,$2.72
Eco Value Coin,$0.004407
Pumpanomics,"$118,252"
Tesra,$0.019942
DeFiPie,$0.115679
YouLive Coin,$0.000136
Fanaticos Cash,$0.014683
PHILLIPS PAY COIN,$0.002578
Hintchain,$0.003009
Mochimo,$0.041655
Enceladus Network,$0.000461
DuckDaoDime,$5.24
Electronero Pulse,$0.000560
Freecash,$0.095437
UniFi Protocol,$0.629446
Bitscoin,$?
Exchange Payment Coin,$0.001933
3X Short TRX Token,$0.208607
CRYPTOFOREX,$1.00
"YFIKING,FINANCE",$1.01
CAT.trade Protocol,$0.207079
Coinzo Token,$0.022679
EMOGI Network,$0.000237
The Hash Speed,$0.033351
Gbrick,$0.005108
DigiDinar,$3.75
Bast,$89.79
3x Short Litecoin Token,$416.24
SHENG,$0.024121
1x Short Bitcoin Token,$853.72
Gala,$0.001133
Golden Ratio Coin,$47.15
3X Short BNB Token,$0.891742
Promotion Coin,$0.000049
Eight Hours,$0.016550
Kaleido,$0.018513
Cipher Core Token,$39.44
Modern Investment Coin,$0.812243
GemSwap,$0.003616
snglsDAO,$0.000327
Moon YFI,$15.13
3X Long Sushi Token,$0.409000
1X Short Ethereum Token,$604.54
Lukki Operating Token,$0.003686
KVI,$0.005933
Dragonbit,$0.001045
RI Token,$6.14
Blockchain Quotations Index Token,$0.004450
AI Crypto,$0.000081
Hdac,$0.020631
Marshal Lion Group Coin,$0.213012
Black Diamond Rating,$0.049815
AICON,$0.159117
YUGE,$0.209864
sETH,$344.30
DeFiat,$3.92
BITCOINHEDGE,$27.63
Render Token,$0.105778
ZYX,$0.249043
Blockcloud,$0.000165
Hubi Token,$0.009461
sBTC,$0.003167
Xrpalike Gene,$0.073583
Yearn Finance Protocol,$2.91
Ndau,$11.00
Bitalgo,$12.72
3x Short EOS Token,$3.41
Bitpayer Token,$0.078754
UniDollar,$0.000322
REBIT,$0.086645
Mogu,$0.015119
New Year Bull,$0.064990
Unicrypt,$0.006431
DeFi Omega,$4.12
Jack Token,$0.089797
Money Token,$0.018206
TRXDOWN,$16.21
Dev Protocol,$2.91
BlockNoteX,$0.609672
Pledge Coin,$0.000137
GOD KIMCHI,$0.000149
TRXUP,$4.36
Percent,$0.182347
Healing Plus,$0.520869
Camouflage.eth,$0.000273
Sylo,$0.002332
COST COIN+,$0.002064
HebeBlock,$0.003965
3x Long Tezos Token,$123.38
Intelligent Investment Chain,$0.000164
1irstGold,$64.55
Carrot,$0.225749
EtherBone,$0.000149
Rowan Token,$0.014113
3X Long TomoChain Token,$1.65
PeerEx,$0.003891
BuySell,$1.35
Tribute,$3.39
YFARM Token,$0.004353
Markaccy,$0.263381
STK Coin,$0.038386
HEIDI,$29.39
Engine,$0.000079
WhiteRockCasino,$0.007242
3X Short Cosmos Token,$7.25
YAS,$0.007663
Ethereum Vault,$0.224247
SimpleChain,$0.506959
DoYourTip,$0.311918
Hamebi Token,$0.000839
Portal,$0.000711
P2P,$0.024949
RMPL,$0.663378
WingShop,$0.017303
Yield-Farming,$0.001030
CITEX Token,$0.008868
XRPUP,$8.98
Ymen.Finance,$4.09
Electronero,$0.000003
Mazzuma,$0.210101
Buxcoin,$0.455196
Printer.Finance,$80.20
Terra SDT,$1.40
TONToken,$0.012189
PayFrequent USD,$0.998439
3X Short TomoChain Token,$0.000555
HelixNetwork,$0.000162
Klever,$0.005447
TW Token,$0.000231
UNIFI DeFi,$0.051557
Cybereits,$0.000897
FINANCIAL INVESTMENT TOKEN,$2.18
Temtum,$0.152085
ROONEX,$0.000611
Web Coin Pay,$2.96
Seigniorage Shares,$0.401466
BeeKan,$0.000758
JBOX,$0.004619
Jinbi Token,$150.06
BenePit Protocol,$0.000095
LP-yCurve,$1.03
AVCCOIN,$1.30
3x Short Bitcoin Cash Token,$29.95
Universal Liquidity Union,$6.31
EduCoin,$0.000096
DoDreamChain,$0.006388
3X Long Algorand Token,$0.001226
Ethverse,$0.256623
CAPITAL X CELL,$0.048863
Tokens of Babel,$2.28
Essek Tov,$0.011747
TUNE TOKEN,$0.005616
ORBYT Token,$0.017620
Jiaozi,$0.000550
3X Short Sushi Token,$449.90
3X Long Cosmos Token,$23.63
Xplosive Ethereum,$5.27
KEY,$0.000798
Kublaicoin,$0.158999
Va Na Su,$0.865954
NNB Token,$0.000356
DragonVein,$0.248524
Team Finance,$0.914247
Axioms,$0.006012
Release Project,$0.000004
LitecoinPoS,$0.767361
Yakuza DAO,$66.19
intexcoin,$0.001134
LYFE,$0.013632
Spockchain Network,$0.000794
Galaxy Wallet,$0.003125
NanTrade,$4.16
Tixl [NEW],$0.088619
NOIZ,$0.030835
Community Token,$0.947128
FANBI TOKEN,$0.000169
Custody Token,$0.001514
Yield Stake Finance,$15.69
UniPower,$0.702885
Chainpay,$0.391443
AlphaLink,$0.065090
XRPDOWN,$11.07
ETF Dao,$0.023812
BUMO,$0.003218
UCX FOUNDATION,$0.220914
STABLE ASSET,$0.958419
Digex,$0.000813
Super Bitcoin,$0.508686
Hiblocks,$0.000316
Predix Network,$1.19
SatoExchange Token,$0.000839
UpBots,$0.019944
Ripple Alpha,$0.002075
Unipump,$0.036595
Bone,$0.521939
tomatos.finance,$0.144835
UltrAlpha,$0.061568
Nuco.cloud,$1.12
Emrals,$0.013879
FANZY,$0.000194
vSportCoin,$0.001258
Blood,$0.000622
Bitcoin File,$0.000682
EarnBet,$0.061083
Multicoin,$0.024665
DEONEX COIN,$5.40
MYX Network,$0.000412
TokenPocket,$0.002194
YFIEXCHANGE.FINANCE,$7.05
xscoin,$0.368550
Bitgrin,$0.002309
GM Holding,$0.158370
Meridian Network,$0.120461
Aquila Protocol,$0.012900
Newtonium,$0.153559
EOSDOWN,$12.06
Valobit,$0.006165
MDsquare,$0.000290
Soft Link,$8.74
Swapfolio,$0.057678
3x Short Tezos Token,$2.03
MERCI,$0.000995
Bincentive,$0.007810
BitKAM,$0.000107
Port of DeFi Network,$0.152468
bitCEO,$0.135854
i9 Coin,$0.005873
junca Cash,$0.278025
KingMoney,$487.23
AladiEx,$0.366204
Crypto Cricket Club,$0.057254
CEDARS,$0.174397
Spaghetti,$0.034869
COMSA [ETH],$0.037345
AurusGOLD,$61.50
DarkPay,$0.087051
Bitsonic,$0.022104
BitherCash,$1.12
Foresight,$0.038523
Lottonation,$0.068495
IOEX,$0.017487
Saga,$1.39
Ludos Protocol,$0.000140
Reserve,$1.00
Yield Breeder DAO,$0.078687
BeeStore,$0.000103
BPOP,$0.005606
Based Money,$0.675292
Trendering,$12.90
Momentum,$0.006553
ExNetwork Token,$0.063832
YFISCURITY,$5.35
ZenSports,$0.000471
Electric Vehicle Zone,$0.026577
Spice,$0.000324
ESR Coin,$0.167792
Robonomics Web Services,"$11,029.09"
TriipMiles,$0.002034
Golden Token,$0.008120
Joys Digital,$0.007941
DWS,$0.000018
WeSing Coin,$0.001548
StellarPayGlobal,$0.305526
Atlantis Token,$0.832217
3X Long BitMax Token Token,$5.72
OFIN Token,$0.160632
3X Long Altcoin Index Token,$22.99
PointPay,$0.014893
LOA Protocol,$0.021454
Dice,$0.000267
Cowboy.Finance,$0.032106
3X Long Matic Token,$1.67
SIMBA Storage Token,$0.118616
DSYS,$0.000171
Twinkle,$0.000524
1Million Token,$0.212395
ValueChain,$0.002037
Vectorspace AI,$0.121032
AntiscamToken,$0.062889
BitcoinRegular,$1.40
UniGraph,$12.67
Permission Coin,$0.000492
LegalBlock,$0.000445
Ziktalk,$0.000396
Imsmart,$0.059693
Unit Protocol,$0.000178
Davies,$0.080234
eosBLACK,$0.000496
VN Token,$0.019320
MoCo Token,$0.000250
ModiHost,$0.030615
ASYAGRO,$0.050881
3X Short Algorand Token,$0.109875
BELIEVER,$0.634071
Donut,$0.006345
Gomics,$0.157476
HXY Money,$0.036848
MEX,$0.000209
CashBackPro,$0.591672
Globalvillage Ecosystem,$0.000114
Dionpay,$0.021490
Tacos,$0.014960
Opennity,$0.000047
VerusCoin,$0.157370
BeeEx,$0.018050
Omega Protocol Money,$0.001063
UCROWDME,$0.001808
iOWN Token,$0.008766
Trump Wins Token,$0.441999
Orbicular,$0.001051
Finswap,$0.141177
Cherry Token,$0.661729
Freight Trust & Clearing Network,$0.004338
GOT Token,$2.88
The Forms,$0.064956
LEVELG,$0.079246
GSENetwork,$0.000026
D Community,$0.000129
LivenPay,$0.001838
Skillchain,$0.029988
Porkchop,$0.005951
Hive Dollar,$1.00
Dextrust,$0.016112
Hemelios,"$13,477.16"
FLUX,$1.30
Khipu Token,$0.000446
TCOIN,$0.005139
DACC,$0.000083
ThreeFold Token,$0.048584
Esports Token,$0.000266
Krypton Galaxy Coin,$0.000168
NewsToken,$0.000547
Mega Lottery Services Global,$0.035913
DeepCloud AI,$0.000551
01coin,$0.004898
WinPlay Token,$0.012302
Crex Token,$3.02
CARAT,$0.746248
VeraOne,$65.41
ENTONE,$0.081790
Tepleton,$0.009232
FlashSwap,$0.037169
HonestCoin,$0.979479
WEBN token,$0.000002
bZx Vesting Token,$0.046994
Winstex,$0.000686
United Bitcoin,$0.883131
Decentralized Data Assets Management,$0.002916
DUO Network Token,$0.008818
OTCBTC Token,$0.003067
Big Bang Game Coin,$0.000065
COMSA [XEM],$0.079332
Livenodes Token,$32.51
Hyper Pay,$0.000651
MIKS COIN,$0.000237
BTS Coin,$0.000188
TokenBacon,$0.397078
Daikicoin,$0.003881
Bitsten Token,$0.007676
Vanywhere,$0.000735
Touch Social,$0.032554
Yearn Finance Farm,$23.17
Future1coin,$0.000363
ChainZ Arena,$0.221703
BitcoinX,$0.000335
PalletOne,$0.001385
Halving Coin,$0.013005
COIL,$0.731045
Davion,$0.145356
Botton,$0.068175
FunKeyPay,$0.000061
Tchain,$0.000672
X-Block,$0.000064
3X Long Huobi Token Token,$235.25
SafePost,$0.000013
Boogle,$0.000091
Bali Coin,$0.014369
Ethereum Message Search,$1.19
Pixie Coin,$0.000444
Commerce Data Connection,$0.000091
Inverse Bitcoin Volatility Token,"$9,322.81"
Flits,$1.33
RoboCalls,$0.000031
Maya Preferred 223,"$1,901.85"
Tratok,$0.003198
FLAMA,$0.005946
Ubique Chain Of Things,$0.012661
Juggernaut,$0.263333
Dexter G,$0.182340
Pawtocol,$0.000110
WHEN Token,$0.000661
MGC Token,$0.001721
Defi Shopping Stake,$1.16
Hinto,$0.052797
Sombe,$0.000629
Coin Controller Cash,$0.000238
Guapcoin,$0.033876
BITTO,$0.528082
XDAG,$0.001914
NEOBITCOIN,$7.97
AK12,$0.095236
Aureus Nummus Gold,$0.000611
Volt,$0.000047
Sudan Gold Coin,$0.019180
SappChain,$0.000017
LinkCoin Token,$0.000640
Blue Baikal,$0.000020
Nokencoin,$0.003496
XTRM COIN,$0.005541
Dogz,$0.000019
Cicoin,$0.190883
FlashX Advance,$0.000078
GolderGames,$0.006718
QANplatform,$0.221940
Ladder Network Token,$0.003004
YEARN2.FINANCE,$2.68
Resistance,$0.001793
Pollux Coin,$0.471963
Bitcoin BEP2,"$10,597.34"
B91,$0.008892
Digital Wallet,$0.046712
YFUEL,$46.20
Simone,$152.47
Upper Euro,$1.18
Xtake,$0.000831
BITFXT COIN,$0.002981
THECASH,$0.032684
Popcorn,$0.051838
Prime DAI,$0.006662
OC Protocol,$0.022025
Mafia.Network,$0.011479
Charg Coin,$0.098902
Fashion Coin,$0.000002
Emanate,$0.006967
Bit Trust System,$0.006988
Wisdom Chain,$0.050856
Rivermount,$0.000753
MONEY PARTY,$0.000549
Historia,$0.003356
Affil Coin,$1.01
Dice.Finance,$20.93
BigGame,$0.007037
GrafSound,$0.435359
Baguette Token,$0.006943
Receive Access Ecosystem,$0.607964
Resoper,$0.033457
Cash Global Coin,$0.028108
ODE,$45.52
TILWIKI,$5.89
EcoG9coin,$0.000877
Infinite Ricks,$0.002123
Libera,$0.253875
Unimonitor,$0.069071
ThingsOperatingSystem,$0.000665
PowerBalt,$0.430220
Upper Dollar,$0.999899
QUSD,$0.012029
GoalTime N,$0.000126
Vesta Protocol,$0.000651
MACH Project,$0.065076
MyTVchain,$0.009020
EcoDollar,$0.047342
MONNOS,$0.000606
TranslateMe Network Token,$0.003301
Gric Coin,$0.015856
Crypto Accept,$0.000989
Evan,$0.094794
Definitex,$0.190122
En-Tan-Mo,$0.004305
SeChain,$0.000315
The Hustle App,$0.000432
Lead Wallet,$0.000521
GLOBALTRUSTFUND TOKEN,$0.184601
Decurian,$54.32
Aunite,$0.027800
4ART Coin,$0.021598
Infinity Economics,$0.000953
Litecoin SV,$0.467110
Ecoin,$0.002122
XFUEL,$0.001259
3X Short Matic Token,$0.038540
LemoChain,$0.000844
dRAY,$0.746338
Kepler Network,$0.000040
BuckHathCoin,$0.022864
Bankroll Vault,$0.260990
Compound Dai,$0.020924
Trump Loses Token,$0.571050
Alchemy,$1.01
Kids Cash,$0.096987
The global index chain,$0.000217
OBIC,$0.755140
Braziliex Token,$0.113310
IDCM Token,$0.000299
Blaze Network,$0.784197
1x Long Bitcoin Implied Volatility Token,"$1,608.60"
Compound USDT,$0.020294
CryptoBossCoin,$0.305526
SHIBA INU,$1.12e-10
3X Long Tether Gold Token,"$10,040.00"
CelCoin,$0.000094
Endorsit,$0.000003
VOMER,$0.195262
Becaz,$0.525179
Tronipay,$0.000976
Ethereum eRush,$0.014159
TerraNova,$0.003042
EncryptoTel [ETH],$0.003671
B ONE PAYMENT,$0.001994
USDA,$0.028030
MEETtoken,$0.018669
Sexcoin,$0.001363
SKINCHAIN,$0.000017
3X Long Ethereum Classic Token,$50.70
EXOR,$0.002307
Social Lending Token,$0.000509
Newsolution,$0.007761
INMAXCOIN,$0.054316
ORS Group,$0.014000
Consentium,$0.013014
Harcomia,$0.142742
Walnut.finance,$0.215582
3X Long Dragon Index Token,$397.20
Aludra Network,$0.000403
Experience Token,$0.000004
EzyStayz,$0.000304
PirateCash,$0.011117
Coinsto,$0.000007
First Bitcoin,$0.008286
Etherisc DIP Token,$0.045849
Frens Community,$1.54
CMITCOIN,$0.000003
Litecash,$0.000210
3X Long OKB Token,"$1,517.50"
BEAR Coin,$0.003251
Defi,$0.175186
SINERGIA,$0.022223
SEER,$0.000210
Documentchain,$0.025338
Smartup,$0.000044
Junsonmingchncoin,$7.34e-7
HoboNickels,$0.002727
GLOBEX,$0.000003
Diagon,$0.003604
Apple Network,$0.000014
Uranus,$0.000497
3X Long Shitcoin Index Token,$379.10
Eska,$0.001573
SuperEdge,$0.000016
INRToken,$0.000105
Voltz,$0.008008
Moozicore,$0.000104
Hanacoin,$0.000420
Boltt Coin ,$0.025832
Kryptofranc,$0.000012
Tutor's Diary,$0.002937
Bitcoffeen,$0.287897
LOOPREX,$0.001315
Demeter Chain,$0.021786
Bitcoin True,$0.000051
SkyMap,$0.002146
CoinLoan,$2.13
DeFi Nation Signals DAO,$1.69
Five Star Coin,$0.012481
Torex,$0.003329
Bitcurate,$0.009681
Work Force Coin,$0.004720
GIVLY Coin,$0.021138
THENODE,$0.009677
Schilling-Coin,$0.001471
OceanChain,$0.000032
MobilinkToken,$0.004134
HondaisCoin,$0.000001
3X Long Dogecoin Token,$284.30
PocketNode,$0.000004
ARMTOKEN,$0.014475
PROUD Money,$0.001363
Aerotoken,$0.020713
0cash,$0.000839
SoPay,$0.000040
MyDexPay,$0.013623
NSS Coin,$0.005406
Codeo Token,$0.093603
BOSCore,$0.003870
Wallet Plus X,$0.000167
Tradeplus,$0.231891
ZCore Token,$0.016991
3X Long Midcap Index Token,$528.50
Wallabee,$0.557340
Diplexcoin,$0.009754
Universal Protocol Token,$0.002937
Colletrix,$0.000003
Dragon Token,$1.19
Muzika,$0.002307
Binance GBP Stable Coin,$1.28
Secure Cash,$0.127010
BLOCKCLOUT,$0.000025
Enzo,$0.035237
AvatarCoin,$0.053174
Vision Network,$0.002002
Altbet,$0.019413
Valuto,$0.000210
Quish Coin,$0.001573
SaveToken,$0.004004
HOMT,$0.022603
Kahsh,$0.017830
PlusOneCoin,$0.041952
BLOCKIDCOIN,$0.009439
Stellar Gold,$0.000062
CK USD,$0.240829
QPay,$0.000003
Centaure,$0.000105
HeartBout Pay,$0.000629
KVANT,$0.182642
Destiny Success,$0.946889
ROS Coin,$0.005049
Lapis Chain,$0.001669
weBloc,$0.000120
HGH Token,$0.000004
One DEX,$3.15e-7
Sparkster,$0.001949
3X Short Dogecoin Token,$169.25
Sumcoin,$148.87
Golden Ratio Token,$6.79
Versess Coin,$10.87
StarChain,$0.027937
Usechain Token,$0.000205
Korbot,$0.029315
VENA,$0.000957
Global X Change Token,$0.120718
Tide Protocol,$0.230402
Oracolxor,$0.002716
Empow,$0.010011
GermanCoin,$0.000151
RabbitCoin,$0.000105
Quotient,$0.000210
Bubble,$0.001993
Axiom,$0.000629
ClubCoin,$0.022340
Francs,$0.001468
Aces,$0.000105
Mavro,$9.68
BlazerCoin,$0.000210
EmberCoin,$0.000003
Wink,$0.000315
Moving Cloud Coin,$0.000220
MSD,$0.007605
Ethereum Lite,$0.006083
BTCMoon,$0.000944
BlockCDN,$0.001260
Bitcoin God,$0.110121
Jingtum Tech,$0.000172
Qube,$0.000076
Maggie,$0.000113
Animation Vision Cash,$0.000105
Lendroid Support Token,$0.001188
StockChain,$0.000071
SalPay,$0.001277
IOV BlockChain,$0.000239
XTRD,$0.001018
Wiki Token,$0.308187
CEDEX Coin,$0.005279
Obitan Chain,$0.000003
Hybrid Block,$0.000275
KingXChain,$0.000036
YUKI,$0.000054
GazeCoin,$0.033037
SaveNode,$0.000105
Game Stars,$0.000003
CapdaxToken,$0.005567
MediBit,$0.000002
Bgogo Token,$0.000470
ROMToken,$0.000009
TOKOK,$0.003283
Xtock,$0.000120
OOOBTC TOKEN,$0.001538
HUDDL,$0.005499
UTEMIS,$0.000410
BIZKEY,$0.000034
VENJOCOIN,$1.06
Atlas Token,$0.000648
Lucky Block Network,$21.14
LevelApp Token,$0.000003
InnovaMinex,$0.267446
SpectreSecurityCoin,$0.000073
7Eleven,$0.000002
SPIN Protocol,$0.000105
Blockmason Link,$0.000080
Volume Network,$0.000701
Bitcloud Pro,$0.000379
BitcoinSoV,$0.041076
LINK,$11.94
City Coin,$0.054837
Sierracoin,$0.000933
MDtoken,$0.002386
VERA,$0.000105
NOVA,$0.000015
Bitcoin & Company Network,$0.000011
Bankroll Network,$0.063190
NairaX,$0.003146
Sesameseed,$0.030746
QURA GLOBAL,$3.39e-8
Litbinex Coin,$0.000210
WowSecret,$0.000105
Global Reserve System,$14.09
Global Game Coin,$1.78
1AI Token,$0.000105
AfroDex,$9.40e-8
FLEX,$0.736894
CitiOs,$0.000095
Kratscoin,$0.101814
Compound SAI,$0.027577
Compound USD Coin,$0.021195
Odyssey,$0.015417
SuperSkynet,$0.000007
Instantily,$0.000241
RAKSUR,$0.001338
AdsByWiFi,$32.13
IZEROIUM,$0.000210
ALA,$3.39e-8
Pyrrhos Gold,$0.001954
Swapzilla,$0.493294
pTokens BTC,"$5,171.54"
Metaprediction,$0.000003
Cannadrix,$0.000105
Egas,$0.000061
BTCUP,$9.96
Compound Ether,$6.80
TYCOON69,$0.170087
Amun Short Bitcoin Token,"$6,243.47"
Vectorium,$1.98
EDC Blockchain,$0.050609
IOOX System,$0.035777
Amun Bitcoin 3x Daily Long,$11.33
Amun Bitcoin 3x Daily Short,$5.64
Amun Ether 3x Daily Short,$21.04
Amun Ether 3x Daily Long,$2.68
Compound Basic Attention Token,$0.004654
Compound 0x,$0.007500
Compound Wrapped BTC,$211.92
Compound Augur,$0.277304
sBTC,"$10,585.30"
sADA,$0.086395
iDeFi,"$4,535.32"
sDEFI,"$2,975.73"
sXAG,$25.14
Originate Coin,$0.000051
Crypto User Base,$0.271575
DigiMax DGMT,$0.001349
TOPBTC Token,$0.006918
888tron,$0.179506
3X Short Ethereum Classic Token,$11.83
Chess Coin,$0.001064
BTC Network Demand Set II,$170.77
Chad Link Set,$156.13
ETH 20 Day MA Crossover Set,$580.52
ETH 20 Day MA Crossover Yield Set,$546.84
dForce GOLDx,$62.57
ETH 26 EMA Crossover Yield II,$375.64
ETH AI Limit Loss,$135.81
ETH/BTC RSI Ratio Trading Set,$190.42
ETH/LINK Price Action Candlestick Set,$350.29
ETH Price Action Candlestick Set,$249.84
ETH RSI 60/40 Crossover Set,$234.76
ETH RSI 60/40 Yield Set,$234.09
Intelligent Ratio Set,$269.00
LINK/ETH RSI Ratio Trading Set,$155.46
LINK Profit Taker Set,$228.54
iETH,$294.56
sLINK,$8.28
sXAU,"$1,907.52"
iBTC (Synthetix),"$8,970.77"
Diamond Voucher,$8.20
3X Short Tether Gold Token,"$2,442.00"
HL Chain,$0.000674
DApp Evolution,$0.201777
Dark Energy Crystals,$0.000530
Play Royal,$0.000020
SCC DIGforIT,$0.024850
Game Ark,$0.019255
Bytus,$0.153157
Distributed Energy Coin,$0.021824
EasySwap,$0.128844
Super Running Coin,$0.000952
LoveHearts,$0.000025
TRONbetDice,$0.025583
OWL,$0.782270
Equus Mining Token,$0.000209
Krosscoin,$6.01e-8
Vision,$0.075664
COVIR.IO,$0.039828
BIDR,$0.000067
DeFi Bids,$0.034298
TRONbetLive,$0.022700
WINCOIN,$?
FuturoCoin,$?
CHEX,$?
Blacknet,$0.001235
xCrypt Token,$?
Oath Protocol,$0.000001
Rally,$0.000460
Treelion,$0.055179
ESAX Token,$?
Kappi Network,$0.000001
Ethlyte Crypto,$0.020546
Lukiu,$0.000042
Know Your Developer,$0.003004
TeeCoin,$0.001328
Creatanium,$?
Unochain,$1.00e-7
Wolfs Group,$0.022233
London Football Exchange,$0.001300
Asac Coin,$0.002098
Zelerius,$0.000094
Ethash Miner,$0.021288
Scopuly Coin,$0.018558
PYRO Network (TRON),$?
eToro Australian Dollar,$?
United Bull Traders,$?
MORELO,$?
Bluekey,$?
AZBI CORE,$0.000001
DOCH COIN,$0.001812
PieDAO BTC++,"$9,408.69"
sXMR,$?
sBCH,$?
Medalte,$0.012391
Travel1Click,$?
sCEX,$?
Red Box Dapp Token,$0.048053
Cybercoin,$0.000021
Student Coin,$0.003493
Marblecoin,$?
Brr,$0.004206
Unibomb,$0.009136
Afri Union Coin,$0.407356
FlexETH/BTC Set,$176.17
sTRX,$?
sXTZ,$2.29
iLINK,$9.08
sXRP,$0.222930
sBNB,$24.15
Arcona,$0.010510
GramGold Coin,$7.00
CryptoWorldNews,$?
Loanburst,$0.074897
Machi X,$0.001255
Degenerate Platform,$?
TideBit Token,$0.108771
Ruze Finance,$0.000369
Bintex Futures,$0.014334
Sendvibe,$0.000217
Schain Wallet,$0.007964
Meter Governance mapped by Meter.io,$0.510843
Shrimp Finance,$0.444407
MOST Protocol,$?
PROXI,$0.087602
Wenburn,$0.035628
Hands of Steel,$0.001906
TimeMiner,$443.74
Fee Active Collateral Token,$2.01
Rug,$5.50
Standard Crypto Fund,$0.011730
YUNo.finance,$0.005793
NOODLE Finance,$0.000233
BaconSwap,$0.004810
SSS Finance,$1.69
Yefam.Finance,$2.44
Magic Liquidity Rainbow,$0.000368
Maki Finance,$0.325070
Farm House Finance,$31.69
Yield Farming Known as Ash,$722.05
bXIOT,$1.61
Walletreum,$0.094545
Shill & Win,$0.000079
